
INSERT INTO company (company_id, name, creation_time, last_change_time)
VALUES (1, 'HeadHunter', now(), now());
SELECT setval('company_company_id_seq', (SELECT max(company_id) FROM company));

INSERT INTO tr_user (user_id, username, password, company_id, creation_time, last_change_time, role)
VALUES (1, 'user@hh.ru', '$2a$10$buXPe7kc5Ffk.5mXjzv.D.km/naLTyOYhkTPsrgtaA720onbeXBs.', 1, now(), now(), 'USER'),
       (2, 'admin@hh.ru', '$2a$10$buXPe7kc5Ffk.5mXjzv.D.km/naLTyOYhkTPsrgtaA720onbeXBs.', 1, now(), now(), 'ADMIN');
SELECT setval('tr_user_user_id_seq', (SELECT max(user_id) FROM tr_user));

INSERT INTO radar (radar_id, name, company_id, author_id, creation_time, last_change_time)
VALUES (1, 'Backend Tech Radar - 2022Q4', 1, 1, now(), now()),
       (2, 'Backend Tech Radar - 2023Q1', 1, 1, now(), now()),
       (3, 'Android Tech Radar - 2022Q1', 1, 1, now(), now()),
       (4, 'Android Tech Radar - 2022Q4', 1, 1, now(), now()),
       (5, 'Frontend Tech Radar - 2021Q1', 1, 1, now(), now()),
       (6, 'Frontend Tech Radar - 2022Q4', 1, 1, now(), now()),
       (7, 'iOS Tech Radar - 2021Q4', 1, 1, now(), now()),
       (8, 'iOS Tech Radar - 2022Q4', 1, 1, now(), now());
SELECT setval('radar_radar_id_seq', (SELECT max(radar_id) FROM radar));

INSERT INTO ring (ring_id, radar_id, creation_time, last_change_time)
VALUES (1, 1, now(), now()),
       (2, 1, now(), now()),
       (3, 1, now(), now()),
       (4, 1, now(), now()),
       (5, 1, now(), now()),
       (6, 2, now(), now()),
       (7, 2, now(), now()),
       (8, 2, now(), now()),
       (9, 2, now(), now()),
       (10, 2, now(), now()),
       (11, 3, now(), now()),
       (12, 3, now(), now()),
       (13, 3, now(), now()),
       (14, 3, now(), now()),
       (15, 4, now(), now()),
       (16, 4, now(), now()),
       (17, 4, now(), now()),
       (18, 5, now(), now()),
       (19, 5, now(), now()),
       (20, 5, now(), now()),
       (21, 6, now(), now()),
       (22, 6, now(), now()),
       (23, 6, now(), now()),
       (24, 6, now(), now()),
       (25, 7, now(), now()),
       (26, 7, now(), now()),
       (27, 7, now(), now()),
       (28, 8, now(), now()),
       (29, 8, now(), now()),
       (30, 8, now(), now());
SELECT setval('ring_ring_id_seq', (SELECT max(ring_id) FROM ring));

INSERT INTO ring_setting (ring_setting_id, name, position, creation_time, last_change_time, ring_id)
VALUES (1, 'adopt', 1, now(), now(), 1),
       (2, 'hold', 4, now(), now(), 2),
       (3, 'assess', 3, now(), now(), 3),
       (4, 'remove', 5, now(), now(), 4),
       (5, 'trial', 2, now(), now(), 5),
       (6, 'adopt', 1, now(), now(), 6),
       (7, 'hold', 4, now(), now(), 7),
       (8, 'assess', 3, now(), now(), 8),
       (9, 'remove', 5, now(), now(), 9),
       (10, 'trial', 2, now(), now(), 10),
       (11, 'Используется', 1, now(), now(), 11),
       (12, 'Устарело', 3, now(), now(), 12),
       (13, 'Эксперимент', 2, now(), now(), 13),
       (14, 'Оценка', 4, now(), now(), 14),
       (15, 'Используется', 1, now(), now(), 15),
       (16, 'Устарело', 3, now(), now(), 16),
       (17, 'Эксперимент', 2, now(), now(), 17),
       (18, 'adopt', 1, now(), now(), 18),
       (19, 'trial', 2, now(), now(), 19),
       (20, 'hold', 4, now(), now(), 20),
       (21, 'adopt', 1, now(), now(), 21),
       (22, 'trial', 2, now(), now(), 22),
       (23, 'assess', 3, now(), now(), 23),
       (24, 'hold', 4, now(), now(), 24),
       (25, 'Используется', 1, now(), now(), 25),
       (26, 'Устарело', 3, now(), now(), 26),
       (27, 'Оценка', 4, now(), now(), 27),
       (28, 'Используется', 1, now(), now(), 28),
       (29, 'Устарело', 3, now(), now(), 29),
       (30, 'Оценка', 4, now(), now(), 30);
SELECT setval('ring_setting_ring_setting_id_seq', (SELECT max(ring_setting_id) FROM ring_setting));

INSERT INTO quadrant (quadrant_id, radar_id, creation_time, last_change_time)
VALUES (1, 1, now(), now()),
       (2, 1, now(), now()),
       (3, 1, now(), now()),
       (4, 1, now(), now()),
       (5, 2, now(), now()),
       (6, 2, now(), now()),
       (7, 2, now(), now()),
       (8, 2, now(), now()),
       (9, 3, now(), now()),
       (10, 3, now(), now()),
       (11, 3, now(), now()),
       (12, 3, now(), now()),
       (13, 4, now(), now()),
       (14, 4, now(), now()),
       (15, 4, now(), now()),
       (16, 4, now(), now()),
       (17, 5, now(), now()),
       (18, 5, now(), now()),
       (19, 5, now(), now()),
       (20, 5, now(), now()),
       (21, 6, now(), now()),
       (22, 6, now(), now()),
       (23, 6, now(), now()),
       (24, 6, now(), now()),
       (25, 7, now(), now()),
       (26, 7, now(), now()),
       (27, 7, now(), now()),
       (28, 7, now(), now()),
       (29, 8, now(), now()),
       (30, 8, now(), now()),
       (31, 8, now(), now()),
       (32, 8, now(), now());
SELECT setval('quadrant_quadrant_id_seq', (SELECT max(quadrant_id) FROM quadrant));

INSERT INTO quadrant_setting (quadrant_setting_id, name, position, creation_time, last_change_time, quadrant_id)
VALUES (1, 'Data Management', 1, now(), now(), 1),
       (2, 'Languages', 3, now(), now(), 2),
       (3, 'Platform & Insfrastructure', 4, now(), now(), 3),
       (4, 'Frameworks & Tools', 2, now(), now(), 4),
       (5, 'Data Management', 1, now(), now(), 5),
       (6, 'Languages', 3, now(), now(), 6),
       (7, 'Platform & Insfrastructure', 4, now(), now(), 7),
       (8, 'Frameworks & Tools', 2, now(), now(), 8),
       (9, 'Языки и тулинг', 4, now(), now(), 9),
       (10, 'Сервис', 3, now(), now(), 10),
       (11, 'Подход', 1, now(), now(), 11),
       (12, 'Библиотека', 2, now(), now(), 12),
       (13, 'Языки и тулинг', 4, now(), now(), 13),
       (14, 'Сервис', 3, now(), now(), 14),
       (15, 'Подход', 1, now(), now(), 15),
       (16, 'Библиотека', 2, now(), now(), 16),
       (17, 'Languages & Frameworks', 1, now(), now(), 17),
       (18, 'Libraries', 4, now(), now(), 18),
       (19, 'Techniques', 3, now(), now(), 19),
       (20, 'Tools & Environment', 2, now(), now(), 20),
       (21, 'Languages & Frameworks', 1, now(), now(), 21),
       (22, 'Libraries', 4, now(), now(), 22),
       (23, 'Techniques', 3, now(), now(), 23),
       (24, 'Tools & Environment', 2, now(), now(), 24),
       (25, 'Языки и инструменты', 1, now(), now(), 25),
       (26, 'Библиотека', 2, now(), now(), 26),
       (27, 'Сервис', 3, now(), now(), 27),
       (28, 'Подход', 1, now(), now(), 28),
       (29, 'Языки и инструменты', 1, now(), now(), 29),
       (30, 'Библиотека', 2, now(), now(), 30),
       (31, 'Сервис', 3, now(), now(), 31),
       (32, 'Подход', 1, now(), now(), 32),
       (33, 'MY_COOL_QUADRANT_NAME', 1, '2024-04-11 22:21:08.188751', '2024-04-11 22:21:08.188751', 1);
SELECT setval('quadrant_setting_quadrant_setting_id_seq', (SELECT max(quadrant_setting_id) FROM quadrant_setting));

INSERT INTO blip (blip_id, name, description, radar_id, creation_time, last_change_time)
VALUES (1, 'PostgreSQL', '', 1, now(), now()),
       (2, 'Cassandra', '', 1, now(), now()),
       (3, 'Redis', '', 1, now(), now()),
       (4, 'Memcached', '', 1, now(), now()),
       (5, 'Zookeeper', '', 1, now(), now()),
       (6, 'ClickHouse', '', 1, now(), now()),
       (7, 'Airflow', '', 1, now(), now()),
       (8, 'Elasticsearch', '', 1, now(), now()),
       (9, 'Kafka', '', 1, now(), now()),
       (10, 'RabbitMQ', '', 1, now(), now()),
       (11, 'Logstash', '', 1, now(), now()),
       (12, 'Hadoop', '', 1, now(), now()),
       (13, 'Presto', '', 1, now(), now()),
       (14, 'Hive', '', 1, now(), now()),
       (15, 'Flink', '', 1, now(), now()),
       (16, 'Spark', '', 1, now(), now()),
       (17, 'Kafka Streams', '', 1, now(), now()),
       (18, 'Debezium', '', 1, now(), now()),
       (19, 'Java 17', '', 1, now(), now()),
       (20, 'Java 15', '', 1, now(), now()),
       (21, 'Java 14', '', 1, now(), now()),
       (22, 'Java 11', '', 1, now(), now()),
       (23, 'Java 8', '', 1, now(), now()),
       (24, 'Python 3.9', '', 1, now(), now()),
       (25, 'Python 3.8', '', 1, now(), now()),
       (26, 'Python 3.7', '', 1, now(), now()),
       (27, 'Python 2', '', 1, now(), now()),
       (28, 'Nginx', '', 1, now(), now()),
       (29, 'Ansible', '', 1, now(), now()),
       (30, 'Docker', '', 1, now(), now()),
       (31, 'MinIO', '', 1, now(), now()),
       (32, 'Sentry', '', 1, now(), now()),
       (33, 'Okmeter', '', 1, now(), now()),
       (34, 'Consul', '', 1, now(), now()),
       (35, 'Kubernetes', '', 1, now(), now()),
       (36, 'Prometheus', '', 1, now(), now()),
       (37, 'Bamboo', '', 1, now(), now()),
       (38, 'Graphana', '', 1, now(), now()),
       (39, 'Sonar', '', 1, now(), now()),
       (40, 'GitHub', '', 1, now(), now()),
       (41, 'PgBouncer', '', 1, now(), now()),
       (42, 'Filebeat', '', 1, now(), now()),
       (43, 'git', '', 1, now(), now()),
       (44, 'Maven', '', 1, now(), now()),
       (45, 'pip', '', 1, now(), now()),
       (46, 'Spring Core', '', 1, now(), now()),
       (47, 'SpringData', '', 1, now(), now()),
       (48, 'Jetty', '', 1, now(), now()),
       (49, 'AsyncHttpClient', '', 1, now(), now()),
       (50, 'Jersey', '', 1, now(), now()),
       (51, 'jOOQ', '', 1, now(), now()),
       (52, 'Hibernate', '', 1, now(), now()),
       (53, 'Jackson', '', 1, now(), now()),
       (54, 'SLF4J', '', 1, now(), now()),
       (55, 'MyBatis', '', 1, now(), now()),
       (56, 'OpenAPI / Swagger', '', 1, now(), now()),
       (57, 'HikariCP', '', 1, now(), now()),
       (58, 'Tornado', '', 1, now(), now()),
       (59, 'asyncio', '', 1, now(), now()),
       (60, 'Flask', '', 1, now(), now()),
       (61, 'Gunicorn', '', 1, now(), now()),
       (62, 'SQLAlchemy', '', 1, now(), now()),
       (63, 'aiopg', 'Library for accessing a PostgreSQL database from the asyncio framework.', 1, now(), now()),
       (64, 'aiohttp', 'Asynchronous HTTP Client/Server for asyncio and Python.', 1, now(), now()),
       (65, 'PgQ', '', 1, now(), now()),
       (66, 'JUnit 5', '', 1, now(), now()),
       (67, 'JUnit 4', '', 1, now(), now()),
       (68, 'mockito', '', 1, now(), now()),
       (69, 'TestContainers', '', 1, now(), now()),
       (70, 'pg-embedded', '', 1, now(), now()),
       (71, 'pytest', '', 1, now(), now()),
       (72, 'unittest (python)', '', 1, now(), now()),
       (73, 'jib', 'Maven plugin for building Docker and OCI images for your Java applications.', 1, now(), now()),
       (74, 'skaffold', 'Skaffold is a command line tool that facilitates continuous development for Kubernetes applications.', 1, now(), now()),
       (75, 'openTelemetry',
        'OpenTelemetry is a collection of tools, APIs, and SDKs to instrument, generate, collect, and export telemetry data (metrics, logs, and traces) for analysis in order to understand your software''s performance and behavior.',
        1, now(), now()),
       (76, 'graphql', '', 1, now(), now()),
       (78, 'PostgreSQL', '', 2, now(), now()),
       (79, 'Scylla', '', 2, now(), now()),
       (80, 'Cassandra', '', 2, now(), now()),
       (81, 'Redis', '', 2, now(), now()),
       (82, 'Memcached', '', 2, now(), now()),
       (83, 'Zookeeper', '', 2, now(), now()),
       (84, 'ClickHouse', '', 2, now(), now()),
       (85, 'Airflow', '', 2, now(), now()),
       (86, 'Elasticsearch', '', 2, now(), now()),
       (87, 'Kafka', '', 2, now(), now()),
       (88, 'RabbitMQ', '', 2, now(), now()),
       (89, 'Logstash new', '', 2, now(), now()),
       (90, 'Hadoop', '', 2, now(), now()),
       (91, 'Presto', '', 2, now(), now()),
       (92, 'Hive', '', 2, now(), now()),
       (93, 'Flink', '', 2, now(), now()),
       (94, 'Spark', '', 2, now(), now()),
       (95, 'Kafka Streams', '', 2, now(), now()),
       (96, 'Debezium', '', 2, now(), now()),
       (97, 'Java 17', '', 2, now(), now()),
       (98, 'Java 15', '', 2, now(), now()),
       (99, 'Java 14', '', 2, now(), now()),
       (100, 'Java 11', '', 2, now(), now()),
       (101, 'Python 3.9', '', 2, now(), now()),
       (102, 'Python 3.8', '', 2, now(), now()),
       (103, 'Python 3.7', '', 2, now(), now()),
       (104, 'Python 2', '', 2, now(), now()),
       (105, 'Nginx', '', 2, now(), now()),
       (106, 'Ansible', '', 2, now(), now()),
       (107, 'Docker', '', 2, now(), now()),
       (108, 'MinIO', '', 2, now(), now()),
       (109, 'Sentry', '', 2, now(), now()),
       (110, 'Okmeter', '', 2, now(), now()),
       (111, 'Consul', '', 2, now(), now()),
       (112, 'Kubernetes', '', 2, now(), now()),
       (113, 'Prometheus', '', 2, now(), now()),
       (114, 'Bamboo', '', 2, now(), now()),
       (115, 'Graphana', '', 2, now(), now()),
       (116, 'Sonar', '', 2, now(), now()),
       (117, 'GitHub', '', 2, now(), now()),
       (118, 'PgBouncer', '', 2, now(), now()),
       (119, 'Filebeat', '', 2, now(), now()),
       (120, 'git', '', 2, now(), now()),
       (121, 'Maven', '', 2, now(), now()),
       (122, 'pip', '', 2, now(), now()),
       (123, 'Spring Core', '', 2, now(), now()),
       (124, 'SpringData', '', 2, now(), now()),
       (125, 'Jetty', '', 2, now(), now()),
       (126, 'AsyncHttpClient', '', 2, now(), now()),
       (127, 'Jersey', '', 2, now(), now()),
       (128, 'jOOQ', '', 2, now(), now()),
       (129, 'Hibernate', '', 2, now(), now()),
       (130, 'Jackson', '', 2, now(), now()),
       (131, 'SLF4J', '', 2, now(), now()),
       (132, 'Logstash', '', 2, now(), now()),
       (133, 'MyBatis', '', 2, now(), now()),
       (134, 'OpenAPI / Swagger', '', 2, now(), now()),
       (135, 'HikariCP', '', 2, now(), now()),
       (136, 'Tornado', '', 2, now(), now()),
       (137, 'asyncio', '', 2, now(), now()),
       (138, 'Flask', '', 2, now(), now()),
       (139, 'Gunicorn', '', 2, now(), now()),
       (140, 'SQLAlchemy', '', 2, now(), now()),
       (141, 'aiopg', 'Library for accessing a PostgreSQL database from the asyncio framework.', 2, now(), now()),
       (142, 'aiohttp', 'Asynchronous HTTP Client/Server for asyncio and Python.', 2, now(), now()),
       (143, 'PgQ', '', 2, now(), now()),
       (144, 'JUnit 5', '', 2, now(), now()),
       (145, 'JUnit 4', '', 2, now(), now()),
       (146, 'mockito', '', 2, now(), now()),
       (147, 'TestContainers', '', 2, now(), now()),
       (148, 'pg-embedded', '', 2, now(), now()),
       (149, 'pytest', '', 2, now(), now()),
       (150, 'unittest (python)', '', 2, now(), now()),
       (151, 'jib', 'Maven plugin for building Docker and OCI images for your Java applications.', 2, now(), now()),
       (152, 'skaffold', 'Skaffold is a command line tool that facilitates continuous development for Kubernetes applications.', 2, now(), now()),
       (153, 'openTelemetry', 'OpenTelemetry is a collection of tools, APIs, and SDKs to instrument, generate, collect, and export telemetry data (metrics, logs, and traces) for analysis in order to understand your software''s performance and behavior.', 2, now(), now()),
       (154, 'graphql', '', 2, now(), now()),
       (155, 'Kotlin', 'Основной ЯП, процент использования — 96,4%', 3, now(), now()),
       (156, 'Java', 'Устаревший ЯП, процент использования — 2,6%, legacy only', 3, now(), now()),
       (157, 'Ruby', 'Начали использовать для описания инфраструктурных скриптов', 3, now(), now()),
       (158, 'fastlane', 'Используем экосистему fastlane для описания инфраструктурных флоу и автоматизаций сборок', 3, now(), now()),
       (159, 'Marathon', 'По-прежнему используем свой форк для формирования Allure-отчётов с шагами', 3, now(), now()),
       (160, 'Docker', 'Перевели в Docker все инструменты для CI-сборок', 3, now(), now()),
       (161, 'Python', 'Python - основной язык для алгоритмов подсчёта различных процессных метрик и автоматизаций для Jira', 3, now(), now()),
       (162, 'Kotlin Script', 'Постепенно переводим существующие groovy-скрипты на kts', 3, now(), now()),
       (163, 'Groovy', 'Отказываемся от Groovy скриптов в сторону kts', 3, now(), now()),
       (164, 'bash', 'Используем bash для нескольких базовых скриптов инфраструктуры, но отказались от него как от основного языка в скриптах в пользу Ruby', 3, now(), now()),
       (165, 'detekt', 'За год провели ревизию используемых правил, перешли на detekt "здорового человека"', 3, now(), now()),
       (166, 'Android Lint', 'Запустили lint-проверки на регулярной основе при сборке PR-ов', 3, now(), now()),
       (167, 'Talaiot', 'Используем плагин для оценки скорости сборок', 3, now(), now()),
       (168, 'Keeper', 'Продолжаем оценивать Keeper', 3, now(), now()),
       (169, 'Google play publisher', 'Отказались от gradle-плагина в пользу fastlane', 3, now(), now()),
       (170, 'JDK Desugaring', 'Desugaring фич и JDK для Java 8+', 3, now(), now()),
       (171, 'Gradle convention-плагины', 'Описываем общую логику gradle-скриптов при помощи convention-плагинов', 3, now(), now()),
       (172, 'Kotlin synthetic properties', 'Отказались от kotlin-android-extensions в пользу View Binding', 3, now(), now()),
       (173, 'Mainframer', 'Используем Mainframer с удаленными сборками для увеличения производительности', 3, now(), now()),
       (174, 'Firebase Remote Config', 'Сервис для хранения некоторых настроек приложения, постепенно уходим от него', 3, now(), now()),
       (288, 'Robolectric', 'Библиотека для instrumentation-тестирования Android-приложений', 4, now(), now()),
       (175, 'Firebase Analytics', 'Сервис для работы с аналитикой. Часть аналитики обрабатываем через собственный in-house сервис.', 3, now(), now()),
       (176, 'Yandex Metrica', 'Сервис для работы с аналитикой', 3, now(), now()),
       (177, 'MyTracker', 'Сервис для работы с аналитикой', 3, now(), now()),
       (178, 'Yandex Ad', 'Отображение контекстной рекламы', 3, now(), now()),
       (179, 'WebIm', 'Сервис для предоставления чата технической поддержки и FAQ', 3, now(), now()),
       (180, 'HMS', 'Встроили HMS-сервисы в основные приложения, с возможностью fallback-а на GMS, когда у пользователей есть такая возможность.', 3, now(), now()),
       (181, 'Firebase Crashlytics', 'Основная система сбора информации о крашах и non fatal-ах', 3, now(), now()),
       (182, 'Google Auth', 'Один из сервисов авторизации в приложении', 3, now(), now()),
       (183, 'Firebase Cloud Messaging', 'Основной сервис для отправки push-уведомлений', 3, now(), now()),
       (184, 'UserX', 'Внедрили сервис UserX-а для получения полезных инсайтов об использовании приложений', 3, now(), now()),
       (185, 'Firebase App Distribution', 'Используем для распространения сборок среди тестировщиков и бета-тестеров', 3, now(), now()),
       (186, 'Многомодульная архитектура', 'Разбиение кодовой базы на независимые Gradle-модули помогает увеличивать связность и уменьшать зацепление', 3, now(), now()),
       (187, 'Single Activity', 'Переход от Activity к фрагментам помог избежать появления неконсистентноо состояния из-за пересозданий процесса', 3, now(), now()),
       (188, 'MVP', 'Традиционный подход разделения логики Presentation слоя, избавляемся от него в пользу MVVM', 3, now(), now()),
       (189, 'MVI', 'Подход реализации бизнес логики на основе стейт машины', 3, now(), now()),
       (190, 'MVVM', 'Подход для реактивного связывания UI с логикой на базе ViewModel из Jetpack и RxJava', 3, now(), now()),
       (191, 'Unit testing', 'Покрываем unit-тестами сложную бизнес-логику и переходы стейт-машин', 3, now(), now()),
       (192, 'Test fixtures DSL', 'Подробнее про наш DSL можно почитать вот здесь', 3, now(), now()),
       (193, 'Instrumentation testing', 'Некоторые экраны требуют более тщательной проверки вплоть до надписей и цвета картинок - для таких случаев мы используем этот подход.', 3, now(), now()),
       (194, 'Параллельный запуск UI-тестов', 'За год мы увеличили число параллельно запускаемых эмуляторов для ускорения прохождения регрессов наших приложений', 3, now(), now()),
       (195, 'CI (Bamboo)', 'Bamboo по-прежнему является нашим CI-сервером, на котором мы настроили регулярный запуск различных типов сборок', 3, now(), now()),
       (196, 'Статический анализ', 'Статический анализ помогает поддерживать качество кодовой базы и приложений. Мы регулярно пересматриваем и актуализируем список используемых проверок, добавляем новые инструменты.', 3, now(), now()),
       (197, 'Аналитика времени сборки', 'Начали следить за временем сборки приложений, чтобы понимать влияние вносимых изменений', 3, now(), now()),
       (198, 'Дизайн-система', 'Дизайн-система помогает нам описывать переиспользуемые компоненты в коде и поддерживать их актуальность. Мы описали специальное приложение-галерею, в рамках которой пробуем различные библиотеки и новые подходы.', 3, now(), now()),
       (199, 'Автоматизация действий в IDE', 'Реализуем простые автоматизации с помощью плагинов для Android Studio', 3, now(), now()),
       (200, 'Cookbook', 'Пишем Cookbook для структурированного шаринга best practice''s по работе с проектом между всеми разработчиками', 3, now(), now()),
       (201, 'Dagger 2', 'DI-фреймворк для compile time генерации графа зависимостей, используется только во внутреннем приложении для дизайн-системы в связке с Hilt', 3, now(), now()),
       (202, 'Moxy', 'MVP Фреймворк, Язык с кодогенерацией для сохранения состояния при смене конфигурации', 3, now(), now()),
       (203, 'MVI Core', 'Фреймворк от Badoo для реализации паттерна MVI', 3, now(), now()),
       (204, 'Glide', 'Библиотека для работы с изображениями', 3, now(), now()),
       (205, 'Retrofit', 'Библиотека для выполнения сетевых запросов', 3, now(), now()),
       (206, 'Room', 'ORM', 3, now(), now()),
       (207, 'RxJava 2', 'Реактивно-событийный фреймворк. Используется для связи архитектурных слоев и потоков данных', 3, now(), now()),
       (208, 'RxBinding', 'Реактивно-событийная обертка над базовыми View', 3, now(), now()),
       (209, 'Permission Dispatcher', 'Библиотека с кодогенерацией для обработки разрешений. Оборачивает работу как с нативными разрешениями, так и с различными их модификациями у вендоров', 3, now(), now()),
       (210, 'Toothpick 3', 'Dependency Injection фрtймворк. Максимально лаконичен при использовании. Использует частичную кодогенерацию и рантайм-построение графа зависимостей.', 3, now(), now()),
       (211, 'Cicerone', 'Библиотека для гибкой реализации навигации, незавязанной полностью на UI-слой', 3, now(), now()),
       (212, 'Picasso', 'Библиотека для асинхронной загрузки и кэширования изображений (сейчас используем Glide)', 3, now(), now()),
       (213, 'RxKotlin', 'Библиотека для Kotlin-синтаксического сахара вокруг RxJava', 3, now(), now()),
       (214, 'Material Components', 'Библиотека с компонентами для реализации Material Design от Google', 3, now(), now()),
       (215, 'Junit 4', 'Библиотека тестирования java-кода. Мигрируем на Junit 5', 3, now(), now()),
       (216, 'Junit 5', 'Библиотека тестирования java-кода', 3, now(), now()),
       (217, 'Kaspresso', 'Используется собственный форк для проброса информации о шагах тестов в Allure-отчёты', 3, now(), now()),
       (218, 'Robolectric', 'Библиотека для instrumentation-тестирования Android-приложений', 3, now(), now()),
       (219, 'Mockk', 'Библиотека описания моков для тестов на Kotlin', 3, now(), now()),
       (220, 'Mockito', 'Мигрировали 2/3 тестов на Mockk', 3, now(), now()),
       (221, 'OkHttp', 'Основная библиотека для реализации клиент-серверного взаимодействия', 3, now(), now()),
       (222, 'ScribeJava', 'Реализация OAuth', 3, now(), now()),
       (223, 'Multidex', 'Избавились от использования', 3, now(), now()),
       (224, 'Timber', 'Основная библиотека для логирования', 3, now(), now()),
       (225, 'Jetpack Compose', 'Реализуем proof of concepts в нашей кодовой базе для оценки возможностей миграции', 3, now(), now()),
       (226, 'Gson', 'Отказались от использования Gson в пользу kotlinx.serialization', 3, now(), now()),
       (227, 'kotlinx.serialization', 'Библиотека для сериализации Json', 3, now(), now()),
       (228, 'Navigation Component', 'Библиотека для описания навигации - используем в приложении дизайн-галереи', 3, now(), now()),
       (229, 'Hilt', 'Библиотека для описания DI - используем в приложении дизайн-галереи', 3, now(), now()),
       (230, 'View Binding', 'Все экраны используют View Binding', 3, now(), now()),
       (231, 'Kotlin', 'Основной ЯП', 4, now(), now()),
       (232, 'Ruby', 'Используем для написания инфраструктурных скриптов на базе Fastlane', 4, now(), now()),
       (233, 'fastlane', 'Используем Fastlane для описания инфраструктурных флоу и автоматизаций, часть скрипов шарим с iOS', 4, now(), now()),
       (234, 'Marathon', 'Раннер для запуска автотестов в параллельном режиме', 4, now(), now()),
       (235, 'Docker', 'Перевели в Docker все инструменты для CI-сборок', 4, now(), now()),
       (236, 'Python', 'Python - основной язык для алгоритмов подсчёта различных процессных метрик и автоматизаций для Jira', 4, now(), now()),
       (237, 'Kotlin Script', 'Постепенно переводим существующие groovy-скрипты на kts', 4, now(), now()),
       (238, 'Groovy', 'Отказываемся от Groovy скриптов в сторону kts', 4, now(), now()),
       (239, 'bash', 'Используем bash для нескольких базовых скриптов инфраструктуры, но отказались от него как от основного языка в скриптах в пользу Ruby', 4, now(), now()),
       (240, 'detekt', 'За год провели ревизию используемых правил, перешли на detekt "здорового человека"', 4, now(), now()),
       (241, 'Android Lint', 'Запустили lint-проверки на регулярной основе при сборке PR-ов', 4, now(), now()),
       (242, 'build-metrics', 'Кастомный Gradle-плагин для измерения скорости сборок с поддержкой configuration cache', 4, now(), now()),
       (243, 'JDK Desugaring', 'Desugaring фич и JDK для Java 8+', 4, now(), now()),
       (244, 'Gradle convention-плагины', 'Описываем общую логику gradle-скриптов при помощи convention-плагинов', 4, now(), now()),
       (245, 'Android ViewBinding', 'Замена kotlinx.synthetics', 4, now(), now()),
       (246, 'Mainframer', 'Часть разработчиков использует удаленные сборки через Mainframer для увеличения производительности', 4, now(), now()),
       (247, 'Firebase Remote Config', 'Сервис для хранения некоторых настроек приложения, постепенно уходим от него', 4, now(), now()),
       (248, 'Firebase Analytics', 'Сервис для работы с аналитикой. Часть аналитики обрабатываем через собственный in-house сервис.', 4, now(), now()),
       (249, 'Yandex Metrica', 'Сервис для работы с аналитикой', 4, now(), now()),
       (250, 'MyTracker', 'Сервис для работы с аналитикой', 4, now(), now()),
       (251, 'Yandex Ad', 'Отображение контекстной рекламы', 4, now(), now()),
       (252, 'WebIm', 'Сервис для предоставления чата технической поддержки и FAQ', 4, now(), now()),
       (289, 'Mockk', 'Библиотека описания моков для тестов на Kotlin', 4, now(), now()),
       (647, 'Дизайн-система', '', 8, now(), now()),
       (253, 'HMS', 'Встроили HMS-сервисы в основные приложения, с возможностью fallback-а на GMS, когда у пользователей есть такая возможность.', 4, now(), now()),
       (254, 'Firebase Crashlytics', 'Основная система сбора информации о крашах и non fatal-ах', 4, now(), now()),
       (255, 'Google Auth', 'Один из сервисов авторизации в приложении', 4, now(), now()),
       (256, 'Firebase Cloud Messaging', 'Основной сервис для отправки push-уведомлений', 4, now(), now()),
       (257, 'UserX', 'Внедрили сервис UserX-а для получения полезных инсайтов об использовании приложений', 4, now(), now()),
       (258, 'Firebase App Distribution', 'Использовали для распространения сборок среди тестировщиков, переходим на внутреннюю систему', 4, now(), now()),
       (259, 'Многомодульная архитектура', 'Разбиение кодовой базы на независимые Gradle-модули помогает увеличивать связность и уменьшать зацепление', 4, now(), now()),
       (260, 'Single Activity', 'Переход от Activity к фрагментам помог избежать появления неконсистентноо состояния из-за пересозданий процесса', 4, now(), now()),
       (261, 'MVP', 'Традиционный подход разделения логики Presentation слоя, избавляемся от него в пользу MVVM', 4, now(), now()),
       (262, 'MVI', 'Подход реализации бизнес логики на основе стейт машины', 4, now(), now()),
       (263, 'MVVM', 'Подход для реактивного связывания UI с логикой на базе ViewModel и RxJava', 4, now(), now()),
       (264, 'Unit testing', 'Покрываем unit-тестами сложную бизнес-логику и переходы стейт-машин', 4, now(), now()),
       (265, 'Test fixtures DSL', 'Подробнее про наш DSL можно почитать вот здесь', 4, now(), now()),
       (266, 'Instrumentation testing', 'Некоторые экраны требуют более тщательной проверки вплоть до надписей и цвета картинок - для таких случаев мы используем этот подход.', 4, now(), now()),
       (267, 'Параллельный запуск UI-тестов', 'За год мы увеличили число параллельно запускаемых эмуляторов для ускорения прохождения регрессов наших приложений', 4, now(), now()),
       (268, 'CI (Bamboo)', 'Bamboo по-прежнему является нашим CI-сервером, на котором мы настроили регулярный запуск различных типов сборок', 4, now(), now()),
       (269, 'Статический анализ', 'Статический анализ помогает поддерживать качество кодовой базы и приложений. Мы регулярно пересматриваем и актуализируем список используемых проверок, добавляем новые инструменты.', 4, now(), now()),
       (270, 'Аналитика времени сборки', 'Начали следить за временем сборки приложений, чтобы понимать влияние вносимых изменений', 4, now(), now()),
       (271, 'Дизайн-система', 'Дизайн-система помогает нам описывать переиспользуемые компоненты в коде и поддерживать их актуальность. Мы описали специальное приложение-галерею, в рамках которой пробуем различные библиотеки и новые подходы.', 4, now(), now()),
       (272, 'Автоматизация действий в IDE', 'Реализуем простые автоматизации с помощью плагинов для Android Studio', 4, now(), now()),
       (273, 'Cookbook', 'Пишем Cookbook для структурированного шаринга best practice''s по работе с проектом между всеми разработчиками', 4, now(), now()),
       (274, 'Moxy', 'MVP Фреймворк, Язык с кодогенерацией для сохранения состояния при смене конфигурации', 4, now(), now()),
       (275, 'MVI Core', 'Фреймворк от Badoo для реализации паттерна MVI', 4, now(), now()),
       (276, 'Glide', 'Библиотека для работы с изображениями', 4, now(), now()),
       (277, 'Retrofit', 'Библиотека для выполнения сетевых запросов', 4, now(), now()),
       (278, 'Room', 'ORM', 4, now(), now()),
       (279, 'RxJava 2', 'Реактивно-событийный фреймворк. Используется для связи архитектурных слоев и потоков данных', 4, now(), now()),
       (280, 'RxBinding', 'Реактивно-событийная обертка над базовыми View', 4, now(), now()),
       (281, 'Toothpick', 'Dependency Injection фрtймворк. Максимально лаконичен при использовании. Использует частичную кодогенерацию и рантайм-построение графа зависимостей.', 4, now(), now()),
       (282, 'Cicerone', 'Библиотека для гибкой реализации навигации, незавязанной полностью на UI-слой', 4, now(), now()),
       (283, 'RxKotlin', 'Библиотека для Kotlin-синтаксического сахара вокруг RxJava', 4, now(), now()),
       (284, 'Material Components', 'Библиотека с компонентами для реализации Material Design от Google', 4, now(), now()),
       (285, 'Junit 4', 'Библиотека тестирования java-кода. Мигрируем на Junit 5', 4, now(), now()),
       (286, 'Junit 5', 'Библиотека тестирования java-кода', 4, now(), now()),
       (287, 'Kaspresso', 'Используется собственный форк для проброса информации о шагах тестов в Allure-отчёты', 4, now(), now()),
       (290, 'Mockito', 'Мигрировали 2/3 тестов на Mockk', 4, now(), now()),
       (291, 'OkHttp', 'Основная библиотека для реализации клиент-серверного взаимодействия', 4, now(), now()),
       (292, 'ScribeJava', 'Реализация OAuth', 4, now(), now()),
       (293, 'Timber', 'Основная библиотека для логирования', 4, now(), now()),
       (294, 'Jetpack Compose', 'Переходим на Jetpack Compose в новых фичах', 4, now(), now()),
       (295, 'kotlinx.serialization', 'Библиотека для сериализации Json', 4, now(), now()),
       (296, 'Babel', 'preset-env на уровне ES2018', 5, now(), now()),
       (297, 'Bloko', '👍', 5, now(), now()),
       (298, 'Frontik', '', 5, now(), now()),
       (299, 'Jest', '', 5, now(), now()),
       (300, 'LESS', 'Только без фанатизма и вложенных &, их сложнее грепать.', 5, now(), now()),
       (301, 'Node.js', '', 5, now(), now()),
       (302, 'React', '', 5, now(), now()),
       (303, 'Redux', '', 5, now(), now()),
       (304, 'Tornado', 'gen.coroutine, HTTPError, утилиты. Приложения на Фронтике.', 5, now(), now()),
       (305, 'Koa', 'Когда оценивали альтернативу Фронтику на Node.js, подразумевали в основе Express. Потому что он готовее в этом плане.', 5, now(), now()),
       (306, 'TypeScript', 'Активно внедряем, есть чемпионское направление.', 5, now(), now()),
       (307, 'Backbone', '', 5, now(), now()),
       (308, 'Bootstrap', 'Используется в hh-release, hh-crab.', 5, now(), now()),
       (309, 'jQuery', 'Старый стек, статьи, шаблоны от подрядчиков. Используем с jquery-migrate.', 5, now(), now()),
       (310, 'Mustache', 'Клиентская шаблонизация на старом стеке.', 5, now(), now()),
       (311, 'Raphael', 'Для графиков используем SVG или D3.', 5, now(), now()),
       (312, 'XSLT', 'Страницы на старом стеке, когда Питон отдаёт XML.', 5, now(), now()),
       (313, 'Axios', '', 5, now(), now()),
       (314, 'classnames', '', 5, now(), now()),
       (315, 'Core.js', 'Нужен даже для новых браузеров.', 5, now(), now()),
       (316, 'D3', '', 5, now(), now()),
       (317, 'Enzyme', 'Тестирование с эффектами. Для простых случаев лучше react-test-renderer.', 5, now(), now()),
       (318, 'lxml', 'Работа с XML в Питоне.', 5, now(), now()),
       (319, 'prop-types', '', 5, now(), now()),
       (320, 'react-loadable', '', 5, now(), now()),
       (321, 'react-router', '', 5, now(), now()),
       (322, 'react-test-renderer', '', 5, now(), now()),
       (323, 'react-transition-group', '', 5, now(), now()),
       (324, 'Terser', 'Сжатие инлайн-JS.', 5, now(), now()),
       (325, 'date-fns', '', 5, now(), now()),
       (326, 'final-form', '', 5, now(), now()),
       (327, 'Firebase', '', 5, now(), now()),
       (328, 'html-react-parser', '', 5, now(), now()),
       (329, 'nodemon', 'Запуск lux-server в dev-режиме.', 5, now(), now()),
       (330, 'react-dropzone', '', 5, now(), now()),
       (331, 'react-styleguidist', 'Документация в Блоко и xhh. Рассматривали Storybook, но не получается удобно встроить примеры и конструкторы для компонентов на двух стеках (реакт и классик).', 5, now(), now()),
       (332, 'CKEditor', 'Нет нормального редактора для реакта.', 5, now(), now()),
       (333, 'FileAPI', '', 5, now(), now()),
       (334, 'Handlebars', 'Клиентская шаблонизация на старом стеке.', 5, now(), now()),
       (335, 'Hogan', 'Клиентская шаблонизация на старом стеке.', 5, now(), now()),
       (336, 'memoize', '', 5, now(), now()),
       (337, 'raven', 'См. @sentry/browser', 5, now(), now()),
       (338, 'Sinon', 'Jest умеет всё что нужно.', 5, now(), now()),
       (339, 'underscore', 'lodash слишком здоровый. Некоторые функции реализованы в Блоко (debounce, throttle).', 5, now(), now()),
       (340, 'АНБ', 'Идея из БЭМ, но своя версия именования (без модификаторов). Да и то элементы не пишем.', 5, now(), now()),
       (341, 'АБ-тесты', '', 5, now(), now()),
       (342, 'Инлайн-JS', 'Критичный кусок JS вместе с глобальными переменными собираем и кладём отдельно прямо в HTML.', 5, now(), now()),
       (343, 'Custom fonts', 'Proxima Nova Condensed для заголовков через src: url(''data:application/x-font-woff...'') + кэширование CSS со шрифтом в LocalStorage.', 5, now(), now()),
       (344, 'features', 'Фичи выпускаются на прод в закрытом виде либо открытыми определённым пользователям.', 5, now(), now()),
       (345, 'Flexbox', '', 5, now(), now()),
       (346, 'gh-pages', 'Документация Блоко, пушится при релизе вместе с пакетом в npm.', 5, now(), now()),
       (347, 'hhtm-метки', 'Идентификаторы текущей (hhtmSource) и предыдущей (hhtmFrom) страниц для аналитики.', 5, now(), now()),
       (348, 'JPG', 'Фотографии, баннеры.', 5, now(), now()),
       (349, 'JSON', 'Новый стек на JSON+React.', 5, now(), now()),
       (350, 'marisa-trie', 'Хранение переводов.', 5, now(), now()),
       (351, 'proxy_cache', 'Кэширование средствами Nginx статики в странах (front-by, front-kz), файлов из WebDAV и фоток.', 5, now(), now()),
       (352, 'Performance API', 'Статистика по загрузке страницы и компонентов, long tasks.', 5, now(), now()),
       (353, 'PNG', 'Только для точных немногоцветных картинок, где не подходит SVG.', 5, now(), now()),
       (354, 'react-displayname', 'Добавляем displayName компонентам для вывода в инспекторе продакшн-кода.', 5, now(), now()),
       (355, 'REST', '', 5, now(), now()),
       (356, 'sendBeacon', 'Отправка аналитики из браузера.', 5, now(), now()),
       (357, 'ServiceWorker', 'Кэширование статики (кроме картинок).', 5, now(), now()),
       (358, 'Source attribute', 'Добавляем имя файла и строку Реакт-компонентам (в Бабель-плагине) и HTML-элементам (в XSL-прекомпайле).', 5, now(), now()),
       (359, 'static-value-extractor', 'При сборке статики составляем маппинг компонентов на переводы и настройки, потом используем в Питоне при формировании стейта.', 5, now(), now()),
       (360, 'statsd', 'Отправка аналитики из Питона.', 5, now(), now()),
       (361, 'SVG', 'Иконки, графики, векторные картинки.', 5, now(), now()),
       (362, 'Growth Hacking', 'Очень быстрый пробный запуск фич силами фронтенда с метриками и обязательным выпиливанием, в случае успеха делаем нормально.', 5, now(), now()),
       (363, 'SSR', 'Питон отправляет url и initialState в lux-server на Koa, запущенный на той же машине, полученный HTML вставляет на страницу вместе со стейтом, Реакт делает гидрейт.', 5, now(), now()),
       (364, 'venv', 'При установке пакета создаётся venv со всеми зависимостями, в котором потом запускаются тесты.', 5, now(), now()),
       (365, 'XML', 'Старый стек на XML+XSLT.', 5, now(), now()),
       (366, 'Deb-пакеты', 'Деплой статики в некоторых сервисах, неспешно переводим на MinIO.', 5, now(), now()),
       (367, 'Autoprefixer', '', 5, now(), now()),
       (368, 'Bamboo', 'Тесты и проверки в PR, добавление ссылок на PR в задачи.', 5, now(), now()),
       (369, 'Browserslist', '', 5, now(), now()),
       (370, 'cssnano', 'Надо вставить в xhh вместо csswring.', 5, now(), now()),
       (371, 'ESLint', '🔥', 5, now(), now()),
       (372, 'Figma', '', 5, now(), now()),
       (373, 'Git', '❤', 5, now(), now()),
       (374, 'Github', '', 5, now(), now()),
       (375, 'Gulp', 'Для сложных задач, с которыми не справится Webpack.', 5, now(), now()),
       (376, 'lint-staged', 'Запуск линтеров с исправлениями только для изменённых файлов.', 5, now(), now()),
       (377, 'nosetests', '', 5, now(), now()),
       (378, 'Okmeter', 'Метрики First Meaningful Paint (FMP), Time to Interactive (TTI), First Input Delay (FID), количество ошибок, Long tasks, время рендера в Node.js, гидрейта, загрузки страницы, инита компонентов.', 5, now(), now()),
       (379, 'pip', '', 5, now(), now()),
       (380, 'PostCSS', 'И плагины.', 5, now(), now()),
       (381, 'Prettier', '🔥', 5, now(), now()),
       (382, 'Sentry', 'Ошибки из Питона и JS (и других сервисов), автоматическое создание задач.', 5, now(), now()),
       (383, 'setuptools', '', 5, now(), now()),
       (384, 'StyleLint', '', 5, now(), now()),
       (385, 'imagemin', '', 5, now(), now()),
       (386, 'Webpack', '', 5, now(), now()),
       (387, 'yarn', '', 5, now(), now()),
       (388, 'MinIO', 'Хранение архива со статикой (yarn build-static собирает архив, hh-build проставляет версию и заливает в MinIO, потом архив раскатывается на front и раздаётся Nginx''ом).', 5, now(), now()),
       (389, 'Яндекс.Метрика', 'Пользуется маркетинг, заказчики, некоторые аналитики.', 5, now(), now()),
       (390, 'Google Analytics', 'Пользуется маркетинг, заказчики, некоторые аналитики. Много старых событий, которые нельзя удалить.', 5, now(), now()),
       (391, 'Husky', 'Заменяется копированием githooks/pre-commit в .git/hooks в postinstall-скрипте, а в хуке yarn lint-staged.', 5, now(), now()),
       (392, 'npm', 'Везде перешли на yarn.', 5, now(), now()),
       (393, 'Babel', 'preset-env на уровне ES2018', 6, now(), now()),
       (394, 'Bloko', '👍', 6, now(), now()),
       (395, 'Frontik', '', 6, now(), now()),
       (396, 'Jest', '', 6, now(), now()),
       (397, 'LESS', 'Только без фанатизма и вложенных &, их сложнее грепать.', 6, now(), now()),
       (398, 'Node.js', '', 6, now(), now()),
       (399, 'React', '', 6, now(), now()),
       (400, 'Redux', '', 6, now(), now()),
       (401, 'Tornado', 'gen.coroutine, HTTPError, утилиты. Приложения на Фронтике.', 6, now(), now()),
       (402, 'Koa', 'Когда оценивали альтернативу Фронтику на Node.js, подразумевали в основе Express. Потому что он готовее в этом плане.', 6, now(), now()),
       (403, 'TypeScript', 'Планируем внедрять, есть чемпионское направление.', 6, now(), now()),
       (404, 'Backbone', '', 6, now(), now()),
       (405, 'Bootstrap', 'Используется в hh-release, hh-crab.', 6, now(), now()),
       (406, 'jQuery', 'Старый стек, статьи, шаблоны от подрядчиков. Используем с jquery-migrate.', 6, now(), now()),
       (407, 'Mustache', 'Клиентская шаблонизация на старом стеке.', 6, now(), now()),
       (408, 'Raphael', 'Для графиков используем SVG или D3.', 6, now(), now()),
       (409, 'XSLT', 'Страницы на старом стеке, когда Питон отдаёт XML.', 6, now(), now()),
       (410, 'Axios', '', 6, now(), now()),
       (411, 'classnames', '', 6, now(), now()),
       (412, 'Core.js', 'Нужен даже для новых браузеров.', 6, now(), now()),
       (413, 'D3', '', 6, now(), now()),
       (414, 'Enzyme', 'Тестирование с эффектами. Для простых случаев лучше react-test-renderer.', 6, now(), now()),
       (415, 'lxml', 'Работа с XML в Питоне.', 6, now(), now()),
       (416, 'prop-types', '', 6, now(), now()),
       (417, 'react-loadable', '', 6, now(), now()),
       (418, 'react-router', '', 6, now(), now()),
       (419, 'react-test-renderer', '', 6, now(), now()),
       (420, 'react-transition-group', '', 6, now(), now()),
       (421, 'Terser', 'Сжатие инлайн-JS.', 6, now(), now()),
       (422, 'date-fns', '', 6, now(), now()),
       (423, 'final-form', '', 6, now(), now()),
       (424, 'Firebase', '', 6, now(), now()),
       (425, 'html-react-parser', '', 6, now(), now()),
       (426, 'nodemon', 'Запуск lux-server в dev-режиме.', 6, now(), now()),
       (427, 'react-dropzone', '', 6, now(), now()),
       (428, 'react-styleguidist', 'Документация в Блоко и xhh. Рассматривали Storybook, но не получается удобно встроить примеры и конструкторы для компонентов на двух стеках (реакт и классик).', 6, now(), now()),
       (429, 'CKEditor', 'Нет нормального редактора для реакта.', 6, now(), now()),
       (430, 'FileAPI', '', 6, now(), now()),
       (431, 'Handlebars', 'Клиентская шаблонизация на старом стеке.', 6, now(), now()),
       (432, 'Hogan', 'Клиентская шаблонизация на старом стеке.', 6, now(), now()),
       (433, 'memoize', '', 6, now(), now()),
       (434, 'raven', 'См. @sentry/browser', 6, now(), now()),
       (435, 'Sinon', 'Jest умеет всё что нужно.', 6, now(), now()),
       (436, 'underscore', 'lodash слишком здоровый. Некоторые функции реализованы в Блоко (debounce, throttle).', 6, now(), now()),
       (437, 'АНБ', 'Идея из БЭМ, но своя версия именования (без модификаторов). Да и то элементы не пишем.', 6, now(), now()),
       (438, 'АБ-тесты', '', 6, now(), now()),
       (439, 'Инлайн-JS', 'Критичный кусок JS вместе с глобальными переменными собираем и кладём отдельно прямо в HTML.', 6, now(), now()),
       (440, 'Custom fonts', 'Proxima Nova Condensed для заголовков через src: url(''data:application/x-font-woff...'') + кэширование CSS со шрифтом в LocalStorage.', 6, now(), now()),
       (441, 'features', 'Фичи выпускаются на прод в закрытом виде либо открытыми определённым пользователям.', 6, now(), now()),
       (442, 'Flexbox', '', 6, now(), now()),
       (443, 'gh-pages', 'Документация Блоко, пушится при релизе вместе с пакетом в npm.', 6, now(), now()),
       (444, 'hhtm-метки', 'Идентификаторы текущей (hhtmSource) и предыдущей (hhtmFrom) страниц для аналитики.', 6, now(), now()),
       (445, 'JPG', 'Фотографии, баннеры.', 6, now(), now()),
       (446, 'JSON', 'Новый стек на JSON+React.', 6, now(), now()),
       (447, 'marisa-trie', 'Хранение переводов.', 6, now(), now()),
       (448, 'proxy_cache', 'Кэширование средствами Nginx статики в странах (front-by, front-kz), файлов из WebDAV и фоток.', 6, now(), now()),
       (449, 'Performance API', 'Статистика по загрузке страницы и компонентов, long tasks.', 6, now(), now()),
       (450, 'PNG', 'Только для точных немногоцветных картинок, где не подходит SVG.', 6, now(), now()),
       (451, 'react-displayname', 'Добавляем displayName компонентам для вывода в инспекторе продакшн-кода.', 6, now(), now()),
       (452, 'REST', '', 6, now(), now()),
       (453, 'sendBeacon', 'Отправка аналитики из браузера.', 6, now(), now()),
       (454, 'ServiceWorker', 'Кэширование статики (кроме картинок).', 6, now(), now()),
       (455, 'Source attribute', 'Добавляем имя файла и строку Реакт-компонентам (в Бабель-плагине) и HTML-элементам (в XSL-прекомпайле).', 6, now(), now()),
       (456, 'static-value-extractor', 'При сборке статики составляем маппинг компонентов на переводы и настройки, потом используем в Питоне при формировании стейта.', 6, now(), now()),
       (457, 'statsd', 'Отправка аналитики из Питона.', 6, now(), now()),
       (458, 'SVG', 'Иконки, графики, векторные картинки.', 6, now(), now()),
       (459, 'Growth Hacking', 'Очень быстрый пробный запуск фич силами фронтенда с метриками и обязательным выпиливанием, в случае успеха делаем нормально.', 6, now(), now()),
       (460, 'SSR', 'Питон отправляет url и initialState в lux-server на Koa, запущенный на той же машине, полученный HTML вставляет на страницу вместе со стейтом, Реакт делает гидрейт.', 6, now(), now()),
       (521, 'Mantis', 'Редактирование изображений', 7, now(), now()),
       (461, 'venv', 'При установке пакета создаётся venv со всеми зависимостями, в котором потом запускаются тесты.', 6, now(), now()),
       (462, 'XML', 'Старый стек на XML+XSLT.', 6, now(), now()),
       (463, 'Deb-пакеты', 'Деплой статики в некоторых сервисах, неспешно переводим на MinIO.', 6, now(), now()),
       (464, 'Autoprefixer', '', 6, now(), now()),
       (465, 'Bamboo', 'Тесты и проверки в PR, добавление ссылок на PR в задачи.', 6, now(), now()),
       (466, 'Browserslist', '', 6, now(), now()),
       (467, 'cssnano', 'Надо вставить в xhh вместо csswring.', 6, now(), now()),
       (468, 'ESLint', '🔥', 6, now(), now()),
       (469, 'Figma', '', 6, now(), now()),
       (470, 'Git', '❤', 6, now(), now()),
       (471, 'Github', '', 6, now(), now()),
       (472, 'Gulp', 'Для сложных задач, с которыми не справится Webpack.', 6, now(), now()),
       (473, 'lint-staged', 'Запуск линтеров с исправлениями только для изменённых файлов.', 6, now(), now()),
       (474, 'nosetests', '', 6, now(), now()),
       (475, 'Okmeter', 'Метрики First Meaningful Paint (FMP), Time to Interactive (TTI), First Input Delay (FID), количество ошибок, Long tasks, время рендера в Node.js, гидрейта, загрузки страницы, инита компонентов.', 6, now(), now()),
       (476, 'pip', '', 6, now(), now()),
       (477, 'PostCSS', 'И плагины.', 6, now(), now()),
       (478, 'Prettier', '🔥', 6, now(), now()),
       (479, 'Sentry', 'Ошибки из Питона и JS (и других сервисов), автоматическое создание задач.', 6, now(), now()),
       (480, 'setuptools', '', 6, now(), now()),
       (481, 'StyleLint', '', 6, now(), now()),
       (482, 'imagemin', '', 6, now(), now()),
       (483, 'Webpack', '', 6, now(), now()),
       (484, 'yarn', '', 6, now(), now()),
       (485, 'MinIO', 'Хранение архива со статикой (yarn build-static собирает архив, hh-build проставляет версию и заливает в MinIO, потом архив раскатывается на front и раздаётся Nginx''ом).', 6, now(), now()),
       (486, 'Яндекс.Метрика', 'Пользуется маркетинг, заказчики, некоторые аналитики.', 6, now(), now()),
       (487, 'Google Analytics', 'Пользуется маркетинг, заказчики, некоторые аналитики. Много старых событий, которые нельзя удалить.', 6, now(), now()),
       (488, 'Husky', 'Заменяется копированием githooks/pre-commit в .git/hooks в postinstall-скрипте, а в хуке yarn lint-staged.', 6, now(), now()),
       (489, 'npm', 'Везде перешли на yarn.', 6, now(), now()),
       (490, 'Swift', 'Язык программирования приложения', 7, now(), now()),
       (491, 'Ruby', 'Язык программирования скриптов CI / CD', 7, now(), now()),
       (492, 'Objective-C', 'Язык программирования приложения, исключительно legacy-код', 7, now(), now()),
       (493, 'Tuist', 'Генерация Xcode проекта', 7, now(), now()),
       (494, 'SwiftLint', 'Статический анализ Swift-кода', 7, now(), now()),
       (495, 'SwiftGen', 'Генерация интерфейса доступа к ресурсам', 7, now(), now()),
       (496, 'Sourcery', 'Генерация boilerplate-кода', 7, now(), now()),
       (497, 'FigmaGen', 'Генерация стилей из Figma', 7, now(), now()),
       (498, 'Fugen', 'Экспорт ресурсов из Figma с генерацией интерфейса доступа', 7, now(), now()),
       (499, 'fastlane', 'Скрипты CI / CD', 7, now(), now()),
       (500, 'Carthage', 'Менеджер сторонних зависимостей', 7, now(), now()),
       (501, 'Swift Package Manager', 'Менеджер сторонних зависимостей', 7, now(), now()),
       (502, 'Bundler', 'Менеджер Ruby-зависимостей', 7, now(), now()),
       (503, 'rbenv', 'Менеджер версий Ruby', 7, now(), now()),
       (504, 'Mint', 'Менеджер инструментов на Swift', 7, now(), now()),
       (505, 'XCLogParser', 'Анализ времени сборки', 7, now(), now()),
       (506, 'Periphery', 'Статический анализ неиспользуемого Swift-кода', 7, now(), now()),
       (507, 'Danger', 'Автоматизация ревью PR', 7, now(), now()),
       (508, 'RuboCop', 'Статический анализ Ruby-кода', 7, now(), now()),
       (509, '1PasswordExtension', 'Автозаполнение данных авторизации из 1Password', 7, now(), now()),
       (510, 'Alamofire 4', 'Выполнение HTTP запросов', 7, now(), now()),
       (511, 'Alamofire 5', 'Выполнение HTTP запросов', 7, now(), now()),
       (512, 'BSKeyboardControls', 'Вспомогательные кнопки клавиатуры для навигация между полями ввода', 7, now(), now()),
       (513, 'CoreData', 'Хранение данных в БД', 7, now(), now()),
       (514, 'DictionaryCoder', 'Кодирование структур в словари и обратно', 7, now(), now()),
       (515, 'DifferenceKit', 'Вычисление разницы в ячейках для обновления коллекций', 7, now(), now()),
       (516, 'Down', 'Рендеринг Markdown в html', 7, now(), now()),
       (517, 'FMDB', 'Хранение простых типов данных в БД', 7, now(), now()),
       (518, 'iOSSnapshotTestCase', 'Снэпшот-тестирование', 7, now(), now()),
       (519, 'libPhoneNumber', 'Форматирование номера телефона', 7, now(), now()),
       (520, 'Lottie', 'Векторная анимация', 7, now(), now()),
       (522, 'MBProgressHUD', 'Диалоги с индикатором загрузки', 7, now(), now()),
       (523, 'Nivelir', 'DSL для навигации между экранами', 7, now(), now()),
       (524, 'NotificationBanner', 'Выпадающие оповещения', 7, now(), now()),
       (525, 'Combine', 'Обработка асинхронных потоков данных', 7, now(), now()),
       (526, 'PhoneNumberKit', 'Форматирование номера телефона', 7, now(), now()),
       (527, 'PromiseKit', 'Выполнение асинхронных операций', 7, now(), now()),
       (528, 'PureLayout', 'DSL для верстки UI-компонентов', 7, now(), now()),
       (529, 'SDWebImage', 'Загрузка и кэширование изображений', 7, now(), now()),
       (530, 'Shuffle', 'Свайпы карточек в стиле Tinder', 7, now(), now()),
       (531, 'SideMenu', 'Боковое меню', 7, now(), now()),
       (532, 'SnapKit', 'DSL для верстки UI-компонентов', 7, now(), now()),
       (533, 'SQLite', 'Хранение простых типов данных в БД', 7, now(), now()),
       (534, 'SwipeCellKit', 'Поддержка свайпов ячеек', 7, now(), now()),
       (535, 'TTTAttributedLabel', 'Расширение возможностей UILabel', 7, now(), now()),
       (536, 'Starscream', 'Web-сокеты', 7, now(), now()),
       (537, 'GDPerformanceView', 'Мониторинг нагрузки (FPS, память)', 7, now(), now()),
       (538, 'ZipArchive', 'Распаковка файлов из zip-архивов', 7, now(), now()),
       (539, 'ImageViewer', 'Просмотр изображений', 7, now(), now()),
       (540, 'Typist', 'Обработка появления клавиатуры', 7, now(), now()),
       (541, 'Cosmos', 'UI-компонент для рейтинга приложения', 7, now(), now()),
       (542, 'PanModal', 'Отображение экранов в виде bottom sheet', 7, now(), now()),
       (543, 'XMLCoder', 'Кодирование структур в XML и обратно', 7, now(), now()),
       (544, 'Bamboo', 'Сервер CI / CD', 7, now(), now()),
       (545, 'Facebook', 'Авторизация через соц. сеть и аналитика событий', 7, now(), now()),
       (546, 'Firebase App Distribution', 'Распространение AdHoc сборок приложения', 7, now(), now()),
       (547, 'Firebase Crashlytics', 'Аналитика крашей', 7, now(), now()),
       (548, 'Firebase Remote Config', 'Удаленная конфигурация приложения', 7, now(), now()),
       (549, 'GitHub', 'Хостинг репозитория проекта', 7, now(), now()),
       (550, 'Google Analytics', 'Внешняя аналитика событий', 7, now(), now()),
       (551, 'Google Maps', 'Карты на экранах вакансий', 7, now(), now()),
       (552, 'Google Places', 'Геокодирование', 7, now(), now()),
       (553, 'myTarget', 'Реклама', 7, now(), now()),
       (554, 'myTracker', 'Внешняя аналитика событий', 7, now(), now()),
       (555, 'Odnoklassniki', 'Авторизация через соц. сеть', 7, now(), now()),
       (556, 'VK', 'Авторизация через соц. сеть', 7, now(), now()),
       (557, 'Webim', 'Чат технической поддержки', 7, now(), now()),
       (558, 'Yandex Ads', 'Реклама', 7, now(), now()),
       (559, 'Yandex AppMetrica', 'Внешняя аналитика событий и крашей', 7, now(), now()),
       (560, 'AutoLayout', 'Верстка UI-компонентов', 7, now(), now()),
       (561, 'DI', 'Собственная протоколо-ориентированная реализация', 7, now(), now()),
       (562, 'Diffable-коллекции', 'Собственная реализация DiffableDataSource для iOS < 13', 7, now(), now()),
       (563, 'MVI', 'Реализация бизнес-логики на основе стейт машины', 7, now(), now()),
       (564, 'MVVM', 'Архитектура presentation-слоя', 7, now(), now()),
       (565, 'SwiftUI', 'Верстка UI-компонентов', 7, now(), now()),
       (566, 'UI-тестирование', '', 7, now(), now()),
       (567, 'Unit-тестирование', '', 7, now(), now()),
       (568, 'VIPER', 'Архитектура presentation-слоя', 7, now(), now()),
       (569, 'Xcode Interface Builder', 'Верстка UI-компонентов', 7, now(), now()),
       (570, 'Аналитика времени сборки', '', 7, now(), now()),
       (571, 'Дизайн-система', '', 7, now(), now()),
       (572, 'Микрофичевая архитектура', 'Разделение кодовой базы на независимые модули', 7, now(), now()),
       (573, 'Swift', 'Язык программирования приложения', 8, now(), now()),
       (574, 'Ruby', 'Язык программирования скриптов CI / CD', 8, now(), now()),
       (575, 'Objective-C', 'Язык программирования приложения, в одном legacy модуле', 8, now(), now()),
       (576, 'Tuist', 'Генерация Xcode проекта', 8, now(), now()),
       (577, 'SwiftLint', 'Статический анализ Swift-кода', 8, now(), now()),
       (578, 'SwiftGen', 'Генерация интерфейса доступа к ресурсам', 8, now(), now()),
       (579, 'Sourcery', 'Генерация boilerplate-кода', 8, now(), now()),
       (580, 'FigmaGen', 'Генерация стилей из Figma', 8, now(), now()),
       (581, 'Fugen', 'Экспорт ресурсов из Figma с генерацией интерфейса доступа', 8, now(), now()),
       (582, 'fastlane', 'Скрипты CI / CD', 8, now(), now()),
       (583, 'Carthage', 'Менеджер сторонних зависимостей', 8, now(), now()),
       (584, 'Swift Package Manager', 'Менеджер сторонних зависимостей', 8, now(), now()),
       (585, 'Bundler', 'Менеджер Ruby-зависимостей', 8, now(), now()),
       (586, 'rbenv', 'Менеджер версий Ruby', 8, now(), now()),
       (587, 'Mint', 'Менеджер инструментов на Swift', 8, now(), now()),
       (588, 'XCLogParser', 'Анализ времени сборки', 8, now(), now()),
       (589, 'Periphery', 'Статический анализ неиспользуемого Swift-кода', 8, now(), now()),
       (590, 'Danger', 'Автоматизация ревью PR', 8, now(), now()),
       (591, 'RuboCop', 'Статический анализ Ruby-кода', 8, now(), now()),
       (592, '1PasswordExtension', 'Автозаполнение данных авторизации из 1Password', 8, now(), now()),
       (593, 'Alamofire 4', 'Выполнение HTTP запросов', 8, now(), now()),
       (594, 'Alamofire 5', 'Выполнение HTTP запросов', 8, now(), now()),
       (595, 'CoreData', 'Хранение данных в БД', 8, now(), now()),
       (596, 'DictionaryCoder', 'Кодирование структур в словари и обратно', 8, now(), now()),
       (597, 'DifferenceKit', 'Вычисление разницы в ячейках для обновления коллекций', 8, now(), now()),
       (598, 'Down', 'Рендеринг Markdown в html', 8, now(), now()),
       (599, 'Mantis', 'Редактирование изображений', 8, now(), now()),
       (600, 'Nivelir', 'DSL для навигации между экранами', 8, now(), now()),
       (601, 'NotificationBanner', 'Выпадающие оповещения', 8, now(), now()),
       (602, 'OpenCombine', 'Обработка асинхронных потоков данных. Занимаемся переходом на нативный', 8, now(), now()),
       (603, 'PhoneNumberKit', 'Форматирование номера телефона', 8, now(), now()),
       (604, 'PureLayout', 'DSL для верстки UI-компонентов', 8, now(), now()),
       (605, 'SDWebImage', 'Загрузка и кэширование изображений', 8, now(), now()),
       (606, 'Shuffle', 'Свайпы карточек в стиле Tinder', 8, now(), now()),
       (607, 'SideMenu', 'Боковое меню', 8, now(), now()),
       (608, 'SnapKit', 'DSL для верстки UI-компонентов', 8, now(), now()),
       (609, 'SQLite', 'Хранение простых типов данных в БД', 8, now(), now()),
       (610, 'SwipeCellKit', 'Поддержка свайпов ячеек', 8, now(), now()),
       (611, 'TTTAttributedLabel', 'Расширение возможностей UILabel', 8, now(), now()),
       (612, 'Starscream', 'Web-сокеты', 8, now(), now()),
       (613, 'GDPerformanceView', 'Мониторинг нагрузки (FPS, память)', 8, now(), now()),
       (614, 'ZipArchive', 'Распаковка файлов из zip-архивов', 8, now(), now()),
       (615, 'ImageViewer', 'Просмотр изображений', 8, now(), now()),
       (616, 'Typist', 'Обработка появления клавиатуры', 8, now(), now()),
       (617, 'Cosmos', 'UI-компонент для рейтинга приложения', 8, now(), now()),
       (618, 'XMLCoder', 'Кодирование структур в XML и обратно', 8, now(), now()),
       (619, 'UXFeedback', 'Сбор обратной связи от пользователя', 8, now(), now()),
       (620, 'Bamboo', 'Сервер CI / CD', 8, now(), now()),
       (621, 'Firebase App Distribution',
        'Распространение AdHoc сборок приложения. В данный момент недоступно без VPN, распространяем через свой сервис.', 8, now(), now()),
       (622, 'Firebase Crashlytics', 'Аналитика крашей', 8, now(), now()),
       (623, 'Firebase Remote Config', 'Удаленная конфигурация приложения', 8, now(), now()),
       (624, 'GitHub', 'Хостинг репозитория проекта', 8, now(), now()),
       (625, 'Google Analytics', 'Внешняя аналитика событий', 8, now(), now()),
       (626, 'Google Maps', 'Карты на экранах вакансий. Переходим на Yandex', 8, now(), now()),
       (627, 'Google Places', 'Геокодирование. Переходим на Yandex', 8, now(), now()),
       (628, 'Yandex Maps', 'Карты на замену Google Maps', 8, now(), now()),
       (629, 'myTarget', 'Реклама', 8, now(), now()),
       (630, 'myTracker', 'Внешняя аналитика событий', 8, now(), now()),
       (631, 'Odnoklassniki', 'Авторизация через соц. сеть', 8, now(), now()),
       (632, 'VK', 'Авторизация через соц. сеть', 8, now(), now()),
       (633, 'Webim', 'Чат технической поддержки', 8, now(), now()),
       (634, 'Yandex Ads', 'Реклама', 8, now(), now()),
       (635, 'Yandex AppMetrica', 'Внешняя аналитика событий и крашей', 8, now(), now()),
       (636, 'AutoLayout', 'Верстка UI-компонентов', 8, now(), now()),
       (637, 'DI', 'Собственная протоколо-ориентированная реализация', 8, now(), now()),
       (638, 'Diffable-коллекции', 'Собственная реализация DiffableDataSource для iOS < 13', 8, now(), now()),
       (639, 'MVI', 'Реализация бизнес-логики на основе стейт машины', 8, now(), now()),
       (640, 'MVVM', 'Архитектура presentation-слоя', 8, now(), now()),
       (641, 'SwiftUI', 'Верстка UI-компонентов', 8, now(), now()),
       (642, 'Swift Concurrency', 'Работа с асинхронным кодом', 8, now(), now()),
       (643, 'UI-тестирование', '', 8, now(), now()),
       (644, 'Unit-тестирование', '', 8, now(), now()),
       (645, 'VIPER', 'Архитектура presentation-слоя', 8, now(), now()),
       (646, 'Аналитика времени сборки', '', 8, now(), now()),
       (648, 'Микрофичевая архитектура', 'Разделение кодовой базы на независимые модули', 8, now(), now()),
       (649, 'MY_COOL_BLIP', '', 1, '2024-04-11 22:21:08.188751', '2024-04-11 22:21:08.188751');
SELECT setval('blip_blip_id_seq', (SELECT max(blip_id) FROM blip));

INSERT INTO blip_event (blip_event_id, parent_id, blip_id, quadrant_id, ring_id, author_id, creation_time, last_change_time)
VALUES (1, NULL, 1, 1, 1, 1, now(), now()),
       (2, 1, 2, 1, 1, 1, now(), now()),
       (3, 2, 3, 1, 1, 1, now(), now()),
       (4, 3, 4, 1, 2, 1, now(), now()),
       (5, 4, 5, 1, 1, 1, now(), now()),
       (6, 5, 6, 1, 1, 1, now(), now()),
       (7, 6, 7, 1, 1, 1, now(), now()),
       (8, 7, 8, 1, 1, 1, now(), now()),
       (9, 8, 9, 1, 1, 1, now(), now()),
       (10, 9, 10, 1, 2, 1, now(), now()),
       (11, 10, 11, 1, 3, 1, now(), now()),
       (12, 11, 12, 1, 1, 1, now(), now()),
       (13, 12, 13, 1, 1, 1, now(), now()),
       (14, 13, 14, 1, 1, 1, now(), now()),
       (15, 14, 15, 1, 1, 1, now(), now()),
       (16, 15, 16, 1, 1, 1, now(), now()),
       (17, 16, 17, 1, 2, 1, now(), now()),
       (18, 17, 18, 1, 3, 1, now(), now()),
       (19, 18, 19, 2, 1, 1, now(), now()),
       (20, 19, 20, 2, 2, 1, now(), now()),
       (21, 20, 21, 2, 2, 1, now(), now()),
       (22, 21, 22, 2, 2, 1, now(), now()),
       (23, 22, 23, 2, 4, 1, now(), now()),
       (24, 23, 24, 2, 5, 1, now(), now()),
       (25, 24, 25, 2, 1, 1, now(), now()),
       (26, 25, 26, 2, 2, 1, now(), now()),
       (27, 26, 27, 2, 2, 1, now(), now()),
       (28, 27, 28, 3, 1, 1, now(), now()),
       (29, 28, 29, 3, 1, 1, now(), now()),
       (30, 29, 30, 3, 1, 1, now(), now()),
       (31, 30, 31, 3, 1, 1, now(), now()),
       (32, 31, 32, 3, 1, 1, now(), now()),
       (33, 32, 33, 3, 1, 1, now(), now()),
       (34, 33, 34, 3, 1, 1, now(), now()),
       (35, 34, 35, 3, 5, 1, now(), now()),
       (36, 35, 36, 3, 1, 1, now(), now()),
       (37, 36, 37, 3, 1, 1, now(), now()),
       (38, 37, 38, 3, 1, 1, now(), now()),
       (39, 38, 39, 3, 1, 1, now(), now()),
       (40, 39, 40, 3, 1, 1, now(), now()),
       (41, 40, 41, 3, 1, 1, now(), now()),
       (42, 41, 42, 4, 1, 1, now(), now()),
       (43, 42, 43, 4, 1, 1, now(), now()),
       (44, 43, 44, 4, 1, 1, now(), now()),
       (45, 44, 45, 4, 1, 1, now(), now()),
       (46, 45, 46, 4, 1, 1, now(), now()),
       (47, 46, 47, 4, 3, 1, now(), now()),
       (48, 47, 48, 4, 1, 1, now(), now()),
       (49, 48, 49, 4, 1, 1, now(), now()),
       (50, 49, 50, 4, 1, 1, now(), now()),
       (51, 50, 51, 4, 5, 1, now(), now()),
       (52, 51, 52, 4, 1, 1, now(), now()),
       (53, 52, 53, 4, 1, 1, now(), now()),
       (54, 53, 54, 4, 1, 1, now(), now()),
       (55, 54, 55, 4, 1, 1, now(), now()),
       (56, 55, 56, 4, 5, 1, now(), now()),
       (57, 56, 57, 4, 1, 1, now(), now()),
       (58, 57, 58, 4, 1, 1, now(), now()),
       (59, 58, 59, 4, 1, 1, now(), now()),
       (60, 59, 60, 4, 5, 1, now(), now()),
       (61, 60, 61, 4, 5, 1, now(), now()),
       (62, 61, 62, 4, 3, 1, now(), now()),
       (63, 62, 63, 4, 3, 1, now(), now()),
       (64, 63, 64, 4, 3, 1, now(), now()),
       (65, 64, 65, 4, 2, 1, now(), now()),
       (66, 65, 66, 4, 1, 1, now(), now()),
       (67, 66, 67, 4, 2, 1, now(), now()),
       (68, 67, 68, 4, 1, 1, now(), now()),
       (69, 68, 69, 4, 1, 1, now(), now()),
       (70, 69, 70, 4, 2, 1, now(), now()),
       (71, 70, 71, 4, 1, 1, now(), now()),
       (72, 71, 72, 4, 1, 1, now(), now()),
       (73, 72, 73, 4, 1, 1, now(), now()),
       (74, 73, 74, 4, 1, 1, now(), now()),
       (75, 74, 75, 4, 1, 1, now(), now()),
       (76, 75, 76, 4, 5, 1, now(), now()),
       (77, 76, 76, 1, 1, 1, now(), now()),
       (78, '2023Q1', 78, 5, 6, 1, now(), now()),
       (79, '2023Q1', 79, 5, 6, 1, now(), now()),
       (80, '2023Q1', 80, 5, 7, 1, now(), now()),
       (81, '2023Q1', 81, 5, 6, 1, now(), now()),
       (82, '2023Q1', 82, 5, 7, 1, now(), now()),
       (83, '2023Q1', 83, 5, 6, 1, now(), now()),
       (84, '2023Q1', 84, 5, 6, 1, now(), now()),
       (85, '2023Q1', 85, 5, 6, 1, now(), now()),
       (86, '2023Q1', 86, 5, 6, 1, now(), now()),
       (87, '2023Q1', 87, 5, 6, 1, now(), now()),
       (88, '2023Q1', 88, 5, 7, 1, now(), now()),
       (89, '2023Q1', 89, 5, 8, 1, now(), now()),
       (90, '2023Q1', 90, 5, 6, 1, now(), now()),
       (91, '2023Q1', 91, 5, 6, 1, now(), now()),
       (92, '2023Q1', 92, 5, 6, 1, now(), now()),
       (93, '2023Q1', 93, 5, 6, 1, now(), now()),
       (94, '2023Q1', 94, 5, 6, 1, now(), now()),
       (95, '2023Q1', 95, 5, 7, 1, now(), now()),
       (96, '2023Q1', 96, 5, 8, 1, now(), now()),
       (97, '2023Q1', 97, 6, 6, 1, now(), now()),
       (98, '2023Q1', 98, 6, 7, 1, now(), now()),
       (99, '2023Q1', 99, 6, 7, 1, now(), now()),
       (100, '2023Q1', 100, 6, 7, 1, now(), now()),
       (101, '2023Q1', 101, 6, 6, 1, now(), now()),
       (102, '2023Q1', 102, 6, 7, 1, now(), now()),
       (103, '2023Q1', 103, 6, 7, 1, now(), now()),
       (104, '2023Q1', 104, 6, 9, 1, now(), now()),
       (105, '2023Q1', 105, 7, 6, 1, now(), now()),
       (106, '2023Q1', 106, 7, 6, 1, now(), now()),
       (107, '2023Q1', 107, 7, 6, 1, now(), now()),
       (108, '2023Q1', 108, 7, 6, 1, now(), now()),
       (109, '2023Q1', 109, 7, 6, 1, now(), now()),
       (110, '2023Q1', 110, 7, 6, 1, now(), now()),
       (111, '2023Q1', 111, 7, 6, 1, now(), now()),
       (112, '2023Q1', 112, 7, 10, 1, now(), now()),
       (113, '2023Q1', 113, 7, 6, 1, now(), now()),
       (114, '2023Q1', 114, 7, 6, 1, now(), now()),
       (115, '2023Q1', 115, 7, 6, 1, now(), now()),
       (116, '2023Q1', 116, 7, 6, 1, now(), now()),
       (117, '2023Q1', 117, 7, 6, 1, now(), now()),
       (118, '2023Q1', 118, 7, 6, 1, now(), now()),
       (119, '2023Q1', 119, 8, 6, 1, now(), now()),
       (120, '2023Q1', 120, 8, 6, 1, now(), now()),
       (121, '2023Q1', 121, 8, 6, 1, now(), now()),
       (122, '2023Q1', 122, 8, 6, 1, now(), now()),
       (123, '2023Q1', 123, 8, 6, 1, now(), now()),
       (124, '2023Q1', 124, 8, 8, 1, now(), now()),
       (125, '2023Q1', 125, 8, 6, 1, now(), now()),
       (126, '2023Q1', 126, 8, 6, 1, now(), now()),
       (127, '2023Q1', 127, 8, 6, 1, now(), now()),
       (128, '2023Q1', 128, 8, 10, 1, now(), now()),
       (129, '2023Q1', 129, 8, 6, 1, now(), now()),
       (130, '2023Q1', 130, 8, 6, 1, now(), now()),
       (131, '2023Q1', 131, 8, 6, 1, now(), now()),
       (132, '2023Q1', 132, 8, 6, 1, now(), now()),
       (133, '2023Q1', 133, 8, 6, 1, now(), now()),
       (134, '2023Q1', 134, 8, 10, 1, now(), now()),
       (135, '2023Q1', 135, 8, 6, 1, now(), now()),
       (136, '2023Q1', 136, 8, 6, 1, now(), now()),
       (137, '2023Q1', 137, 8, 6, 1, now(), now()),
       (138, '2023Q1', 138, 8, 10, 1, now(), now()),
       (139, '2023Q1', 139, 8, 10, 1, now(), now()),
       (140, '2023Q1', 140, 8, 8, 1, now(), now()),
       (141, '2023Q1', 141, 8, 8, 1, now(), now()),
       (142, '2023Q1', 142, 8, 8, 1, now(), now()),
       (143, '2023Q1', 143, 8, 7, 1, now(), now()),
       (144, '2023Q1', 144, 8, 6, 1, now(), now()),
       (145, '2023Q1', 145, 8, 9, 1, now(), now()),
       (146, '2023Q1', 146, 8, 6, 1, now(), now()),
       (147, '2023Q1', 147, 8, 6, 1, now(), now()),
       (148, '2023Q1', 148, 8, 7, 1, now(), now()),
       (149, '2023Q1', 149, 8, 6, 1, now(), now()),
       (150, '2023Q1', 150, 8, 6, 1, now(), now()),
       (151, '2023Q1', 151, 8, 6, 1, now(), now()),
       (152, '2023Q1', 152, 8, 6, 1, now(), now()),
       (153, '2023Q1', 153, 8, 6, 1, now(), now()),
       (154, '2023Q1', 154, 8, 10, 1, now(), now()),
       (155, 'Android 2022 Q1', 155, 9, 11, 1, now(), now()),
       (156, 'Android 2022 Q1', 156, 9, 12, 1, now(), now()),
       (157, 'Android 2022 Q1', 157, 9, 11, 1, now(), now()),
       (158, 'Android 2022 Q1', 158, 9, 11, 1, now(), now()),
       (159, 'Android 2022 Q1', 159, 9, 11, 1, now(), now()),
       (160, 'Android 2022 Q1', 160, 9, 11, 1, now(), now()),
       (161, 'Android 2022 Q1', 161, 9, 11, 1, now(), now()),
       (162, 'Android 2022 Q1', 162, 9, 11, 1, now(), now()),
       (163, 'Android 2022 Q1', 163, 9, 12, 1, now(), now()),
       (164, 'Android 2022 Q1', 164, 9, 11, 1, now(), now()),
       (165, 'Android 2022 Q1', 165, 9, 11, 1, now(), now()),
       (166, 'Android 2022 Q1', 166, 9, 11, 1, now(), now()),
       (167, 'Android 2022 Q1', 167, 9, 11, 1, now(), now()),
       (168, 'Android 2022 Q1', 168, 9, 13, 1, now(), now()),
       (169, 'Android 2022 Q1', 169, 9, 12, 1, now(), now()),
       (170, 'Android 2022 Q1', 170, 9, 11, 1, now(), now()),
       (171, 'Android 2022 Q1', 171, 9, 11, 1, now(), now()),
       (172, 'Android 2022 Q1', 172, 9, 12, 1, now(), now()),
       (173, 'Android 2022 Q1', 173, 9, 13, 1, now(), now()),
       (174, 'Android 2022 Q1', 174, 10, 12, 1, now(), now()),
       (175, 'Android 2022 Q1', 175, 10, 11, 1, now(), now()),
       (176, 'Android 2022 Q1', 176, 10, 11, 1, now(), now()),
       (177, 'Android 2022 Q1', 177, 10, 11, 1, now(), now()),
       (178, 'Android 2022 Q1', 178, 10, 11, 1, now(), now()),
       (179, 'Android 2022 Q1', 179, 10, 11, 1, now(), now()),
       (180, 'Android 2022 Q1', 180, 10, 11, 1, now(), now()),
       (181, 'Android 2022 Q1', 181, 10, 11, 1, now(), now()),
       (182, 'Android 2022 Q1', 182, 10, 11, 1, now(), now()),
       (183, 'Android 2022 Q1', 183, 10, 11, 1, now(), now()),
       (184, 'Android 2022 Q1', 184, 10, 13, 1, now(), now()),
       (185, 'Android 2022 Q1', 185, 10, 11, 1, now(), now()),
       (186, 'Android 2022 Q1', 186, 11, 11, 1, now(), now()),
       (187, 'Android 2022 Q1', 187, 11, 11, 1, now(), now()),
       (188, 'Android 2022 Q1', 188, 11, 12, 1, now(), now()),
       (189, 'Android 2022 Q1', 189, 11, 11, 1, now(), now()),
       (190, 'Android 2022 Q1', 190, 11, 11, 1, now(), now()),
       (191, 'Android 2022 Q1', 191, 11, 11, 1, now(), now()),
       (192, 'Android 2022 Q1', 192, 11, 11, 1, now(), now()),
       (193, 'Android 2022 Q1', 193, 11, 11, 1, now(), now()),
       (194, 'Android 2022 Q1', 194, 11, 11, 1, now(), now()),
       (195, 'Android 2022 Q1', 195, 11, 11, 1, now(), now()),
       (196, 'Android 2022 Q1', 196, 11, 11, 1, now(), now()),
       (197, 'Android 2022 Q1', 197, 11, 11, 1, now(), now()),
       (198, 'Android 2022 Q1', 198, 11, 11, 1, now(), now()),
       (199, 'Android 2022 Q1', 199, 11, 11, 1, now(), now()),
       (200, 'Android 2022 Q1', 200, 11, 11, 1, now(), now()),
       (201, 'Android 2022 Q1', 201, 12, 14, 1, now(), now()),
       (202, 'Android 2022 Q1', 202, 12, 12, 1, now(), now()),
       (203, 'Android 2022 Q1', 203, 12, 11, 1, now(), now()),
       (204, 'Android 2022 Q1', 204, 12, 11, 1, now(), now()),
       (205, 'Android 2022 Q1', 205, 12, 11, 1, now(), now()),
       (206, 'Android 2022 Q1', 206, 12, 11, 1, now(), now()),
       (207, 'Android 2022 Q1', 207, 12, 11, 1, now(), now()),
       (208, 'Android 2022 Q1', 208, 12, 11, 1, now(), now()),
       (209, 'Android 2022 Q1', 209, 12, 11, 1, now(), now()),
       (210, 'Android 2022 Q1', 210, 12, 11, 1, now(), now()),
       (211, 'Android 2022 Q1', 211, 12, 11, 1, now(), now()),
       (212, 'Android 2022 Q1', 212, 12, 12, 1, now(), now()),
       (213, 'Android 2022 Q1', 213, 12, 13, 1, now(), now()),
       (214, 'Android 2022 Q1', 214, 12, 11, 1, now(), now()),
       (215, 'Android 2022 Q1', 215, 12, 12, 1, now(), now()),
       (216, 'Android 2022 Q1', 216, 12, 11, 1, now(), now()),
       (217, 'Android 2022 Q1', 217, 12, 11, 1, now(), now()),
       (218, 'Android 2022 Q1', 218, 12, 11, 1, now(), now()),
       (219, 'Android 2022 Q1', 219, 12, 11, 1, now(), now()),
       (220, 'Android 2022 Q1', 220, 12, 12, 1, now(), now()),
       (221, 'Android 2022 Q1', 221, 12, 11, 1, now(), now()),
       (222, 'Android 2022 Q1', 222, 12, 11, 1, now(), now()),
       (223, 'Android 2022 Q1', 223, 12, 12, 1, now(), now()),
       (224, 'Android 2022 Q1', 224, 12, 11, 1, now(), now()),
       (225, 'Android 2022 Q1', 225, 12, 13, 1, now(), now()),
       (226, 'Android 2022 Q1', 226, 12, 12, 1, now(), now()),
       (227, 'Android 2022 Q1', 227, 12, 11, 1, now(), now()),
       (228, 'Android 2022 Q1', 228, 12, 14, 1, now(), now()),
       (229, 'Android 2022 Q1', 229, 12, 14, 1, now(), now()),
       (230, 'Android 2022 Q1', 230, 12, 11, 1, now(), now()),
       (231, 'Android 2022 Q4', 231, 13, 15, 1, now(), now()),
       (232, 'Android 2022 Q4', 232, 13, 15, 1, now(), now()),
       (233, 'Android 2022 Q4', 233, 13, 15, 1, now(), now()),
       (234, 'Android 2022 Q4', 234, 13, 15, 1, now(), now()),
       (235, 'Android 2022 Q4', 235, 13, 15, 1, now(), now()),
       (236, 'Android 2022 Q4', 236, 13, 15, 1, now(), now()),
       (237, 'Android 2022 Q4', 237, 13, 15, 1, now(), now()),
       (238, 'Android 2022 Q4', 238, 13, 16, 1, now(), now()),
       (239, 'Android 2022 Q4', 239, 13, 15, 1, now(), now()),
       (240, 'Android 2022 Q4', 240, 13, 15, 1, now(), now()),
       (241, 'Android 2022 Q4', 241, 13, 15, 1, now(), now()),
       (242, 'Android 2022 Q4', 242, 13, 15, 1, now(), now()),
       (243, 'Android 2022 Q4', 243, 13, 15, 1, now(), now()),
       (244, 'Android 2022 Q4', 244, 13, 15, 1, now(), now()),
       (245, 'Android 2022 Q4', 245, 13, 15, 1, now(), now()),
       (246, 'Android 2022 Q4', 246, 13, 15, 1, now(), now()),
       (247, 'Android 2022 Q4', 247, 14, 16, 1, now(), now()),
       (248, 'Android 2022 Q4', 248, 14, 15, 1, now(), now()),
       (249, 'Android 2022 Q4', 249, 14, 15, 1, now(), now()),
       (250, 'Android 2022 Q4', 250, 14, 15, 1, now(), now()),
       (251, 'Android 2022 Q4', 251, 14, 15, 1, now(), now()),
       (252, 'Android 2022 Q4', 252, 14, 15, 1, now(), now()),
       (253, 'Android 2022 Q4', 253, 14, 15, 1, now(), now()),
       (254, 'Android 2022 Q4', 254, 14, 15, 1, now(), now()),
       (255, 'Android 2022 Q4', 255, 14, 15, 1, now(), now()),
       (256, 'Android 2022 Q4', 256, 14, 15, 1, now(), now()),
       (257, 'Android 2022 Q4', 257, 14, 17, 1, now(), now()),
       (258, 'Android 2022 Q4', 258, 14, 16, 1, now(), now()),
       (259, 'Android 2022 Q4', 259, 15, 15, 1, now(), now()),
       (260, 'Android 2022 Q4', 260, 15, 15, 1, now(), now()),
       (261, 'Android 2022 Q4', 261, 15, 16, 1, now(), now()),
       (262, 'Android 2022 Q4', 262, 15, 15, 1, now(), now()),
       (263, 'Android 2022 Q4', 263, 15, 15, 1, now(), now()),
       (264, 'Android 2022 Q4', 264, 15, 15, 1, now(), now()),
       (265, 'Android 2022 Q4', 265, 15, 15, 1, now(), now()),
       (266, 'Android 2022 Q4', 266, 15, 15, 1, now(), now()),
       (267, 'Android 2022 Q4', 267, 15, 15, 1, now(), now()),
       (268, 'Android 2022 Q4', 268, 15, 15, 1, now(), now()),
       (269, 'Android 2022 Q4', 269, 15, 15, 1, now(), now()),
       (270, 'Android 2022 Q4', 270, 15, 15, 1, now(), now()),
       (271, 'Android 2022 Q4', 271, 15, 15, 1, now(), now()),
       (272, 'Android 2022 Q4', 272, 15, 15, 1, now(), now()),
       (273, 'Android 2022 Q4', 273, 15, 15, 1, now(), now()),
       (274, 'Android 2022 Q4', 274, 16, 16, 1, now(), now()),
       (275, 'Android 2022 Q4', 275, 16, 15, 1, now(), now()),
       (276, 'Android 2022 Q4', 276, 16, 15, 1, now(), now()),
       (277, 'Android 2022 Q4', 277, 16, 15, 1, now(), now()),
       (278, 'Android 2022 Q4', 278, 16, 15, 1, now(), now()),
       (279, 'Android 2022 Q4', 279, 16, 15, 1, now(), now()),
       (280, 'Android 2022 Q4', 280, 16, 15, 1, now(), now()),
       (281, 'Android 2022 Q4', 281, 16, 15, 1, now(), now()),
       (282, 'Android 2022 Q4', 282, 16, 15, 1, now(), now()),
       (283, 'Android 2022 Q4', 283, 16, 15, 1, now(), now()),
       (284, 'Android 2022 Q4', 284, 16, 15, 1, now(), now()),
       (285, 'Android 2022 Q4', 285, 16, 16, 1, now(), now()),
       (286, 'Android 2022 Q4', 286, 16, 15, 1, now(), now()),
       (287, 'Android 2022 Q4', 287, 16, 15, 1, now(), now()),
       (288, 'Android 2022 Q4', 288, 16, 15, 1, now(), now()),
       (289, 'Android 2022 Q4', 289, 16, 15, 1, now(), now()),
       (290, 'Android 2022 Q4', 290, 16, 16, 1, now(), now()),
       (291, 'Android 2022 Q4', 291, 16, 15, 1, now(), now()),
       (292, 'Android 2022 Q4', 292, 16, 15, 1, now(), now()),
       (293, 'Android 2022 Q4', 293, 16, 15, 1, now(), now()),
       (294, 'Android 2022 Q4', 294, 16, 15, 1, now(), now()),
       (295, 'Android 2022 Q4', 295, 16, 15, 1, now(), now()),
       (296, '2021Q1', 296, 17, 18, 1, now(), now()),
       (297, '2021Q1', 297, 17, 18, 1, now(), now()),
       (298, '2021Q1', 298, 17, 18, 1, now(), now()),
       (299, '2021Q1', 299, 17, 18, 1, now(), now()),
       (300, '2021Q1', 300, 17, 18, 1, now(), now()),
       (301, '2021Q1', 301, 17, 18, 1, now(), now()),
       (302, '2021Q1', 302, 17, 18, 1, now(), now()),
       (303, '2021Q1', 303, 17, 18, 1, now(), now()),
       (304, '2021Q1', 304, 17, 18, 1, now(), now()),
       (305, '2021Q1', 305, 17, 19, 1, now(), now()),
       (306, '2021Q1', 306, 17, 19, 1, now(), now()),
       (307, '2021Q1', 307, 17, 20, 1, now(), now()),
       (308, '2021Q1', 308, 17, 20, 1, now(), now()),
       (309, '2021Q1', 309, 17, 20, 1, now(), now()),
       (310, '2021Q1', 310, 17, 20, 1, now(), now()),
       (311, '2021Q1', 311, 17, 20, 1, now(), now()),
       (312, '2021Q1', 312, 17, 20, 1, now(), now()),
       (313, '2021Q1', 313, 18, 18, 1, now(), now()),
       (314, '2021Q1', 314, 18, 18, 1, now(), now()),
       (315, '2021Q1', 315, 18, 18, 1, now(), now()),
       (316, '2021Q1', 316, 18, 18, 1, now(), now()),
       (317, '2021Q1', 317, 18, 18, 1, now(), now()),
       (318, '2021Q1', 318, 18, 18, 1, now(), now()),
       (319, '2021Q1', 319, 18, 18, 1, now(), now()),
       (320, '2021Q1', 320, 18, 18, 1, now(), now()),
       (321, '2021Q1', 321, 18, 18, 1, now(), now()),
       (322, '2021Q1', 322, 18, 18, 1, now(), now()),
       (323, '2021Q1', 323, 18, 18, 1, now(), now()),
       (324, '2021Q1', 324, 18, 18, 1, now(), now()),
       (325, '2021Q1', 325, 18, 19, 1, now(), now()),
       (326, '2021Q1', 326, 18, 19, 1, now(), now()),
       (327, '2021Q1', 327, 18, 19, 1, now(), now()),
       (328, '2021Q1', 328, 18, 19, 1, now(), now()),
       (329, '2021Q1', 329, 18, 19, 1, now(), now()),
       (330, '2021Q1', 330, 18, 19, 1, now(), now()),
       (331, '2021Q1', 331, 18, 19, 1, now(), now()),
       (332, '2021Q1', 332, 18, 20, 1, now(), now()),
       (333, '2021Q1', 333, 18, 20, 1, now(), now()),
       (334, '2021Q1', 334, 18, 20, 1, now(), now()),
       (335, '2021Q1', 335, 18, 20, 1, now(), now()),
       (336, '2021Q1', 336, 18, 20, 1, now(), now()),
       (337, '2021Q1', 337, 18, 20, 1, now(), now()),
       (338, '2021Q1', 338, 18, 20, 1, now(), now()),
       (339, '2021Q1', 339, 18, 20, 1, now(), now()),
       (340, '2021Q1', 340, 19, 18, 1, now(), now()),
       (341, '2021Q1', 341, 19, 18, 1, now(), now()),
       (342, '2021Q1', 342, 19, 18, 1, now(), now()),
       (343, '2021Q1', 343, 19, 18, 1, now(), now()),
       (344, '2021Q1', 344, 19, 18, 1, now(), now()),
       (345, '2021Q1', 345, 19, 18, 1, now(), now()),
       (346, '2021Q1', 346, 19, 18, 1, now(), now()),
       (347, '2021Q1', 347, 19, 18, 1, now(), now()),
       (348, '2021Q1', 348, 19, 18, 1, now(), now()),
       (349, '2021Q1', 349, 19, 18, 1, now(), now()),
       (350, '2021Q1', 350, 19, 18, 1, now(), now()),
       (351, '2021Q1', 351, 19, 18, 1, now(), now()),
       (352, '2021Q1', 352, 19, 18, 1, now(), now()),
       (353, '2021Q1', 353, 19, 18, 1, now(), now()),
       (354, '2021Q1', 354, 19, 18, 1, now(), now()),
       (355, '2021Q1', 355, 19, 18, 1, now(), now()),
       (356, '2021Q1', 356, 19, 18, 1, now(), now()),
       (357, '2021Q1', 357, 19, 18, 1, now(), now()),
       (358, '2021Q1', 358, 19, 18, 1, now(), now()),
       (359, '2021Q1', 359, 19, 18, 1, now(), now()),
       (360, '2021Q1', 360, 19, 18, 1, now(), now()),
       (361, '2021Q1', 361, 19, 18, 1, now(), now()),
       (362, '2021Q1', 362, 19, 19, 1, now(), now()),
       (363, '2021Q1', 363, 19, 19, 1, now(), now()),
       (364, '2021Q1', 364, 19, 19, 1, now(), now()),
       (365, '2021Q1', 365, 19, 20, 1, now(), now()),
       (366, '2021Q1', 366, 19, 20, 1, now(), now()),
       (367, '2021Q1', 367, 20, 18, 1, now(), now()),
       (368, '2021Q1', 368, 20, 18, 1, now(), now()),
       (369, '2021Q1', 369, 20, 18, 1, now(), now()),
       (370, '2021Q1', 370, 20, 18, 1, now(), now()),
       (371, '2021Q1', 371, 20, 18, 1, now(), now()),
       (372, '2021Q1', 372, 20, 18, 1, now(), now()),
       (373, '2021Q1', 373, 20, 18, 1, now(), now()),
       (374, '2021Q1', 374, 20, 18, 1, now(), now()),
       (375, '2021Q1', 375, 20, 18, 1, now(), now()),
       (376, '2021Q1', 376, 20, 18, 1, now(), now()),
       (377, '2021Q1', 377, 20, 18, 1, now(), now()),
       (378, '2021Q1', 378, 20, 18, 1, now(), now()),
       (379, '2021Q1', 379, 20, 18, 1, now(), now()),
       (380, '2021Q1', 380, 20, 18, 1, now(), now()),
       (381, '2021Q1', 381, 20, 18, 1, now(), now()),
       (382, '2021Q1', 382, 20, 18, 1, now(), now()),
       (383, '2021Q1', 383, 20, 18, 1, now(), now()),
       (384, '2021Q1', 384, 20, 18, 1, now(), now()),
       (385, '2021Q1', 385, 20, 18, 1, now(), now()),
       (386, '2021Q1', 386, 20, 18, 1, now(), now()),
       (387, '2021Q1', 387, 20, 18, 1, now(), now()),
       (388, '2021Q1', 388, 20, 19, 1, now(), now()),
       (389, '2021Q1', 389, 20, 20, 1, now(), now()),
       (390, '2021Q1', 390, 20, 20, 1, now(), now()),
       (391, '2021Q1', 391, 20, 20, 1, now(), now()),
       (392, '2021Q1', 392, 20, 20, 1, now(), now()),
       (393, 'V', 393, 21, 21, 1, now(), now()),
       (394, 'V', 394, 21, 21, 1, now(), now()),
       (395, 'V', 395, 21, 21, 1, now(), now()),
       (396, 'V', 396, 21, 21, 1, now(), now()),
       (397, 'V', 397, 21, 21, 1, now(), now()),
       (398, 'V', 398, 21, 21, 1, now(), now()),
       (399, 'V', 399, 21, 21, 1, now(), now()),
       (400, 'V', 400, 21, 21, 1, now(), now()),
       (401, 'V', 401, 21, 21, 1, now(), now()),
       (402, 'V', 402, 21, 22, 1, now(), now()),
       (403, 'V', 403, 21, 23, 1, now(), now()),
       (404, 'V', 404, 21, 24, 1, now(), now()),
       (405, 'V', 405, 21, 24, 1, now(), now()),
       (406, 'V', 406, 21, 24, 1, now(), now()),
       (407, 'V', 407, 21, 24, 1, now(), now()),
       (408, 'V', 408, 21, 24, 1, now(), now()),
       (409, 'V', 409, 21, 24, 1, now(), now()),
       (410, 'V', 410, 22, 21, 1, now(), now()),
       (411, 'V', 411, 22, 21, 1, now(), now()),
       (412, 'V', 412, 22, 21, 1, now(), now()),
       (413, 'V', 413, 22, 21, 1, now(), now()),
       (414, 'V', 414, 22, 21, 1, now(), now()),
       (415, 'V', 415, 22, 21, 1, now(), now()),
       (416, 'V', 416, 22, 21, 1, now(), now()),
       (417, 'V', 417, 22, 21, 1, now(), now()),
       (418, 'V', 418, 22, 21, 1, now(), now()),
       (419, 'V', 419, 22, 21, 1, now(), now()),
       (420, 'V', 420, 22, 21, 1, now(), now()),
       (421, 'V', 421, 22, 21, 1, now(), now()),
       (422, 'V', 422, 22, 22, 1, now(), now()),
       (423, 'V', 423, 22, 22, 1, now(), now()),
       (424, 'V', 424, 22, 22, 1, now(), now()),
       (425, 'V', 425, 22, 22, 1, now(), now()),
       (426, 'V', 426, 22, 22, 1, now(), now()),
       (427, 'V', 427, 22, 22, 1, now(), now()),
       (428, 'V', 428, 22, 22, 1, now(), now()),
       (429, 'V', 429, 22, 24, 1, now(), now()),
       (430, 'V', 430, 22, 24, 1, now(), now()),
       (431, 'V', 431, 22, 24, 1, now(), now()),
       (432, 'V', 432, 22, 24, 1, now(), now()),
       (433, 'V', 433, 22, 24, 1, now(), now()),
       (434, 'V', 434, 22, 24, 1, now(), now()),
       (435, 'V', 435, 22, 24, 1, now(), now()),
       (436, 'V', 436, 22, 24, 1, now(), now()),
       (437, 'V', 437, 23, 21, 1, now(), now()),
       (438, 'V', 438, 23, 21, 1, now(), now()),
       (439, 'V', 439, 23, 21, 1, now(), now()),
       (440, 'V', 440, 23, 21, 1, now(), now()),
       (441, 'V', 441, 23, 21, 1, now(), now()),
       (442, 'V', 442, 23, 21, 1, now(), now()),
       (443, 'V', 443, 23, 21, 1, now(), now()),
       (444, 'V', 444, 23, 21, 1, now(), now()),
       (445, 'V', 445, 23, 21, 1, now(), now()),
       (446, 'V', 446, 23, 21, 1, now(), now()),
       (447, 'V', 447, 23, 21, 1, now(), now()),
       (448, 'V', 448, 23, 21, 1, now(), now()),
       (449, 'V', 449, 23, 21, 1, now(), now()),
       (450, 'V', 450, 23, 21, 1, now(), now()),
       (451, 'V', 451, 23, 21, 1, now(), now()),
       (452, 'V', 452, 23, 21, 1, now(), now()),
       (453, 'V', 453, 23, 21, 1, now(), now()),
       (454, 'V', 454, 23, 21, 1, now(), now()),
       (455, 'V', 455, 23, 21, 1, now(), now()),
       (456, 'V', 456, 23, 21, 1, now(), now()),
       (457, 'V', 457, 23, 21, 1, now(), now()),
       (458, 'V', 458, 23, 21, 1, now(), now()),
       (459, 'V', 459, 23, 22, 1, now(), now()),
       (460, 'V', 460, 23, 22, 1, now(), now()),
       (461, 'V', 461, 23, 22, 1, now(), now()),
       (462, 'V', 462, 23, 24, 1, now(), now()),
       (463, 'V', 463, 23, 24, 1, now(), now()),
       (464, 'V', 464, 24, 21, 1, now(), now()),
       (465, 'V', 465, 24, 21, 1, now(), now()),
       (466, 'V', 466, 24, 21, 1, now(), now()),
       (467, 'V', 467, 24, 21, 1, now(), now()),
       (468, 'V', 468, 24, 21, 1, now(), now()),
       (469, 'V', 469, 24, 21, 1, now(), now()),
       (470, 'V', 470, 24, 21, 1, now(), now()),
       (471, 'V', 471, 24, 21, 1, now(), now()),
       (472, 'V', 472, 24, 21, 1, now(), now()),
       (473, 'V', 473, 24, 21, 1, now(), now()),
       (474, 'V', 474, 24, 21, 1, now(), now()),
       (475, 'V', 475, 24, 21, 1, now(), now()),
       (476, 'V', 476, 24, 21, 1, now(), now()),
       (477, 'V', 477, 24, 21, 1, now(), now()),
       (478, 'V', 478, 24, 21, 1, now(), now()),
       (479, 'V', 479, 24, 21, 1, now(), now()),
       (480, 'V', 480, 24, 21, 1, now(), now()),
       (481, 'V', 481, 24, 21, 1, now(), now()),
       (482, 'V', 482, 24, 21, 1, now(), now()),
       (483, 'V', 483, 24, 21, 1, now(), now()),
       (484, 'V', 484, 24, 21, 1, now(), now()),
       (485, 'V', 485, 24, 22, 1, now(), now()),
       (486, 'V', 486, 24, 24, 1, now(), now()),
       (487, 'V', 487, 24, 24, 1, now(), now()),
       (488, 'V', 488, 24, 24, 1, now(), now()),
       (489, 'V', 489, 24, 24, 1, now(), now()),
       (490, 'iOS 2021 Q4', 490, 25, 25, 1, now(), now()),
       (491, 'iOS 2021 Q4', 491, 25, 25, 1, now(), now()),
       (492, 'iOS 2021 Q4', 492, 25, 26, 1, now(), now()),
       (493, 'iOS 2021 Q4', 493, 25, 25, 1, now(), now()),
       (494, 'iOS 2021 Q4', 494, 25, 25, 1, now(), now()),
       (495, 'iOS 2021 Q4', 495, 25, 25, 1, now(), now()),
       (496, 'iOS 2021 Q4', 496, 25, 25, 1, now(), now()),
       (497, 'iOS 2021 Q4', 497, 25, 25, 1, now(), now()),
       (498, 'iOS 2021 Q4', 498, 25, 27, 1, now(), now()),
       (499, 'iOS 2021 Q4', 499, 25, 25, 1, now(), now()),
       (500, 'iOS 2021 Q4', 500, 25, 25, 1, now(), now()),
       (501, 'iOS 2021 Q4', 501, 25, 25, 1, now(), now()),
       (502, 'iOS 2021 Q4', 502, 25, 25, 1, now(), now()),
       (503, 'iOS 2021 Q4', 503, 25, 25, 1, now(), now()),
       (504, 'iOS 2021 Q4', 504, 25, 25, 1, now(), now()),
       (505, 'iOS 2021 Q4', 505, 25, 25, 1, now(), now()),
       (506, 'iOS 2021 Q4', 506, 25, 25, 1, now(), now()),
       (507, 'iOS 2021 Q4', 507, 25, 25, 1, now(), now()),
       (508, 'iOS 2021 Q4', 508, 25, 25, 1, now(), now()),
       (509, 'iOS 2021 Q4', 509, 26, 25, 1, now(), now()),
       (510, 'iOS 2021 Q4', 510, 26, 26, 1, now(), now()),
       (511, 'iOS 2021 Q4', 511, 26, 27, 1, now(), now()),
       (512, 'iOS 2021 Q4', 512, 26, 26, 1, now(), now()),
       (513, 'iOS 2021 Q4', 513, 26, 25, 1, now(), now()),
       (514, 'iOS 2021 Q4', 514, 26, 25, 1, now(), now()),
       (515, 'iOS 2021 Q4', 515, 26, 25, 1, now(), now()),
       (516, 'iOS 2021 Q4', 516, 26, 25, 1, now(), now()),
       (517, 'iOS 2021 Q4', 517, 26, 26, 1, now(), now()),
       (518, 'iOS 2021 Q4', 518, 26, 25, 1, now(), now()),
       (519, 'iOS 2021 Q4', 519, 26, 26, 1, now(), now()),
       (520, 'iOS 2021 Q4', 520, 26, 25, 1, now(), now()),
       (521, 'iOS 2021 Q4', 521, 26, 25, 1, now(), now()),
       (522, 'iOS 2021 Q4', 522, 26, 25, 1, now(), now()),
       (523, 'iOS 2021 Q4', 523, 26, 25, 1, now(), now()),
       (524, 'iOS 2021 Q4', 524, 26, 25, 1, now(), now()),
       (525, 'iOS 2021 Q4', 525, 26, 25, 1, now(), now()),
       (526, 'iOS 2021 Q4', 526, 26, 25, 1, now(), now()),
       (527, 'iOS 2021 Q4', 527, 26, 26, 1, now(), now()),
       (528, 'iOS 2021 Q4', 528, 26, 26, 1, now(), now()),
       (529, 'iOS 2021 Q4', 529, 26, 25, 1, now(), now()),
       (530, 'iOS 2021 Q4', 530, 26, 25, 1, now(), now()),
       (531, 'iOS 2021 Q4', 531, 26, 25, 1, now(), now()),
       (532, 'iOS 2021 Q4', 532, 26, 25, 1, now(), now()),
       (533, 'iOS 2021 Q4', 533, 26, 25, 1, now(), now()),
       (534, 'iOS 2021 Q4', 534, 26, 26, 1, now(), now()),
       (535, 'iOS 2021 Q4', 535, 26, 26, 1, now(), now()),
       (536, 'iOS 2021 Q4', 536, 26, 25, 1, now(), now()),
       (537, 'iOS 2021 Q4', 537, 26, 25, 1, now(), now()),
       (538, 'iOS 2021 Q4', 538, 26, 25, 1, now(), now()),
       (539, 'iOS 2021 Q4', 539, 26, 26, 1, now(), now()),
       (540, 'iOS 2021 Q4', 540, 26, 26, 1, now(), now()),
       (541, 'iOS 2021 Q4', 541, 26, 25, 1, now(), now()),
       (542, 'iOS 2021 Q4', 542, 26, 25, 1, now(), now()),
       (543, 'iOS 2021 Q4', 543, 26, 25, 1, now(), now()),
       (544, 'iOS 2021 Q4', 544, 27, 25, 1, now(), now()),
       (545, 'iOS 2021 Q4', 545, 27, 25, 1, now(), now()),
       (546, 'iOS 2021 Q4', 546, 27, 25, 1, now(), now()),
       (547, 'iOS 2021 Q4', 547, 27, 25, 1, now(), now()),
       (548, 'iOS 2021 Q4', 548, 27, 25, 1, now(), now()),
       (549, 'iOS 2021 Q4', 549, 27, 25, 1, now(), now()),
       (550, 'iOS 2021 Q4', 550, 27, 25, 1, now(), now()),
       (551, 'iOS 2021 Q4', 551, 27, 25, 1, now(), now()),
       (552, 'iOS 2021 Q4', 552, 27, 25, 1, now(), now()),
       (553, 'iOS 2021 Q4', 553, 27, 25, 1, now(), now()),
       (554, 'iOS 2021 Q4', 554, 27, 25, 1, now(), now()),
       (555, 'iOS 2021 Q4', 555, 27, 25, 1, now(), now()),
       (556, 'iOS 2021 Q4', 556, 27, 25, 1, now(), now()),
       (557, 'iOS 2021 Q4', 557, 27, 25, 1, now(), now()),
       (558, 'iOS 2021 Q4', 558, 27, 25, 1, now(), now()),
       (559, 'iOS 2021 Q4', 559, 27, 25, 1, now(), now()),
       (560, 'iOS 2021 Q4', 560, 28, 25, 1, now(), now()),
       (561, 'iOS 2021 Q4', 561, 28, 25, 1, now(), now()),
       (562, 'iOS 2021 Q4', 562, 28, 25, 1, now(), now()),
       (563, 'iOS 2021 Q4', 563, 28, 25, 1, now(), now()),
       (564, 'iOS 2021 Q4', 564, 28, 25, 1, now(), now()),
       (565, 'iOS 2021 Q4', 565, 28, 27, 1, now(), now()),
       (566, 'iOS 2021 Q4', 566, 28, 25, 1, now(), now()),
       (567, 'iOS 2021 Q4', 567, 28, 25, 1, now(), now()),
       (568, 'iOS 2021 Q4', 568, 28, 26, 1, now(), now()),
       (569, 'iOS 2021 Q4', 569, 28, 26, 1, now(), now()),
       (570, 'iOS 2021 Q4', 570, 28, 25, 1, now(), now()),
       (571, 'iOS 2021 Q4', 571, 28, 25, 1, now(), now()),
       (572, 'iOS 2021 Q4', 572, 28, 25, 1, now(), now()),
       (573, 'iOS 2022 Q4', 573, 29, 28, 1, now(), now()),
       (574, 'iOS 2022 Q4', 574, 29, 28, 1, now(), now()),
       (575, 'iOS 2022 Q4', 575, 29, 29, 1, now(), now()),
       (576, 'iOS 2022 Q4', 576, 29, 28, 1, now(), now()),
       (577, 'iOS 2022 Q4', 577, 29, 28, 1, now(), now()),
       (578, 'iOS 2022 Q4', 578, 29, 28, 1, now(), now()),
       (579, 'iOS 2022 Q4', 579, 29, 28, 1, now(), now()),
       (580, 'iOS 2022 Q4', 580, 29, 28, 1, now(), now()),
       (581, 'iOS 2022 Q4', 581, 29, 30, 1, now(), now()),
       (582, 'iOS 2022 Q4', 582, 29, 28, 1, now(), now()),
       (583, 'iOS 2022 Q4', 583, 29, 28, 1, now(), now()),
       (584, 'iOS 2022 Q4', 584, 29, 28, 1, now(), now()),
       (585, 'iOS 2022 Q4', 585, 29, 28, 1, now(), now()),
       (586, 'iOS 2022 Q4', 586, 29, 28, 1, now(), now()),
       (587, 'iOS 2022 Q4', 587, 29, 28, 1, now(), now()),
       (588, 'iOS 2022 Q4', 588, 29, 28, 1, now(), now()),
       (589, 'iOS 2022 Q4', 589, 29, 28, 1, now(), now()),
       (590, 'iOS 2022 Q4', 590, 29, 28, 1, now(), now()),
       (591, 'iOS 2022 Q4', 591, 29, 28, 1, now(), now()),
       (592, 'iOS 2022 Q4', 592, 30, 28, 1, now(), now()),
       (593, 'iOS 2022 Q4', 593, 30, 29, 1, now(), now()),
       (594, 'iOS 2022 Q4', 594, 30, 30, 1, now(), now()),
       (595, 'iOS 2022 Q4', 595, 30, 28, 1, now(), now()),
       (596, 'iOS 2022 Q4', 596, 30, 28, 1, now(), now()),
       (597, 'iOS 2022 Q4', 597, 30, 28, 1, now(), now()),
       (598, 'iOS 2022 Q4', 598, 30, 28, 1, now(), now()),
       (599, 'iOS 2022 Q4', 599, 30, 28, 1, now(), now()),
       (600, 'iOS 2022 Q4', 600, 30, 28, 1, now(), now()),
       (601, 'iOS 2022 Q4', 601, 30, 28, 1, now(), now()),
       (602, 'iOS 2022 Q4', 602, 30, 29, 1, now(), now()),
       (603, 'iOS 2022 Q4', 603, 30, 28, 1, now(), now()),
       (604, 'iOS 2022 Q4', 604, 30, 29, 1, now(), now()),
       (605, 'iOS 2022 Q4', 605, 30, 28, 1, now(), now()),
       (606, 'iOS 2022 Q4', 606, 30, 28, 1, now(), now()),
       (607, 'iOS 2022 Q4', 607, 30, 28, 1, now(), now()),
       (608, 'iOS 2022 Q4', 608, 30, 28, 1, now(), now()),
       (609, 'iOS 2022 Q4', 609, 30, 28, 1, now(), now()),
       (610, 'iOS 2022 Q4', 610, 30, 29, 1, now(), now()),
       (611, 'iOS 2022 Q4', 611, 30, 29, 1, now(), now()),
       (612, 'iOS 2022 Q4', 612, 30, 28, 1, now(), now()),
       (613, 'iOS 2022 Q4', 613, 30, 28, 1, now(), now()),
       (614, 'iOS 2022 Q4', 614, 30, 28, 1, now(), now()),
       (615, 'iOS 2022 Q4', 615, 30, 29, 1, now(), now()),
       (616, 'iOS 2022 Q4', 616, 30, 29, 1, now(), now()),
       (617, 'iOS 2022 Q4', 617, 30, 28, 1, now(), now()),
       (618, 'iOS 2022 Q4', 618, 30, 28, 1, now(), now()),
       (619, 'iOS 2022 Q4', 619, 31, 28, 1, now(), now()),
       (620, 'iOS 2022 Q4', 620, 31, 28, 1, now(), now()),
       (621, 'iOS 2022 Q4', 621, 31, 29, 1, now(), now()),
       (622, 'iOS 2022 Q4', 622, 31, 28, 1, now(), now()),
       (623, 'iOS 2022 Q4', 623, 31, 29, 1, now(), now()),
       (624, 'iOS 2022 Q4', 624, 31, 28, 1, now(), now()),
       (625, 'iOS 2022 Q4', 625, 31, 28, 1, now(), now()),
       (626, 'iOS 2022 Q4', 626, 31, 29, 1, now(), now()),
       (627, 'iOS 2022 Q4', 627, 31, 29, 1, now(), now()),
       (628, 'iOS 2022 Q4', 628, 31, 30, 1, now(), now()),
       (629, 'iOS 2022 Q4', 629, 31, 28, 1, now(), now()),
       (630, 'iOS 2022 Q4', 630, 31, 28, 1, now(), now()),
       (631, 'iOS 2022 Q4', 631, 31, 28, 1, now(), now()),
       (632, 'iOS 2022 Q4', 632, 31, 28, 1, now(), now()),
       (633, 'iOS 2022 Q4', 633, 31, 28, 1, now(), now()),
       (634, 'iOS 2022 Q4', 634, 31, 28, 1, now(), now()),
       (635, 'iOS 2022 Q4', 635, 31, 28, 1, now(), now()),
       (636, 'iOS 2022 Q4', 636, 32, 28, 1, now(), now()),
       (637, 'iOS 2022 Q4', 637, 32, 28, 1, now(), now()),
       (638, 'iOS 2022 Q4', 638, 32, 28, 1, now(), now()),
       (639, 'iOS 2022 Q4', 639, 32, 28, 1, now(), now()),
       (640, 'iOS 2022 Q4', 640, 32, 28, 1, now(), now()),
       (641, 'iOS 2022 Q4', 641, 32, 28, 1, now(), now()),
       (642, 'iOS 2022 Q4', 642, 32, 28, 1, now(), now()),
       (643, 'iOS 2022 Q4', 643, 32, 28, 1, now(), now()),
       (644, 'iOS 2022 Q4', 644, 32, 28, 1, now(), now()),
       (645, 'iOS 2022 Q4', 645, 32, 29, 1, now(), now()),
       (646, 'iOS 2022 Q4', 646, 32, 28, 1, now(), now()),
       (647, 'iOS 2022 Q4', 647, 32, 28, 1, now(), now()),
       (648, 'iOS 2022 Q4', 648, 32, 28, 1, now(), now()),
       (649, 'iOS 2022 Q4', 649, 1, 1, 1, '2024-04-11 22:21:08.188752', '2024-04-11 22:21:08.188752'),
       (650, 'iOS 2022 Q4', 649, 2, 2, 1, '2024-04-11 22:21:08.188753', '2024-04-11 22:21:08.188753');
SELECT setval('blip_event_blip_event_id_seq', (SELECT max(blip_event_id) FROM blip_event));

INSERT INTO radar_version (radar_version_id, name, release, radar_id, blip_event_id, creation_time, last_change_time)
VALUES (1, 'first', true, 1, 50, now(), now()),
       (2, 'second', true, 1, 76, now(), now()),
       (3, 'third', true, 1, 77, now(), now());
SELECT setval('radar_version_radar_version_id_seq', (SELECT max(radar_version_id) FROM radar_version));
